75e7d0fa-8347-11e2-9020-b88d121aa620,东风日产上海众泰专营店,东风日产,上海市虹口区汶水东路957号[,4008189666-1506,2013-03-02 22:42:51
75e9b378-8347-11e2-a705-b88d121aa620,上海瑞丰汽车销售服务有限公司,"东风雪铁龙,雪铁龙",上海市浦东新区北蔡镇新陈路5号（近沪南路）[,4008189666-1037,2013-03-02 22:42:51
75e9b8de-8347-11e2-b8ca-b88d121aa620,上海绿地徐盛汽车销售服务有限公司,"东风本田,东风本田-思铭",上海市徐汇区船厂路189号(近中山南二路)[,4008189666-1507,2013-03-02 22:42:51
75e9bdb5-8347-11e2-a050-b88d121aa620,上海绅协绅起汽车销售服务有限公司,东风悦达起亚,上海市普陀区真南路2165号[,4008189666-1064,2013-03-02 22:42:51
75e9c251-8347-11e2-a65b-b88d121aa620,上海景和汽车销售有限公司,"一汽马自达,马自达",上海市闸北区场中路2020号[,4008189666-1129,2013-03-02 22:42:51
75e9c6f8-8347-11e2-9d5e-b88d121aa620,上海百联沪东汽车销售服务有限公司,上海大众,上海市闸北区共和新路3550号百联汽车广场[,4008189666-1559,2013-03-02 22:42:51
75e9cba6-8347-11e2-aa5c-b88d121aa620,上海华安汽车销售有限公司,长城汽车,普陀区真北路3482号（近华灵路）、浦东新区沪南公路4777号（上海车市-上海万木春汽车销售服务有限公司）、闵行区春申路2329号(近梅富路),公司电话：,2013-03-02 22:42:51
75e9d038-8347-11e2-926b-b88d121aa620,上海中升之星汽车销售服务有限公司(江桥店),"奔驰,北京奔驰,smart",上海嘉定区金运路99号（近江桥万达广场南500米）[,4008189666-1583,2013-03-02 22:42:51
75e9d4c2-8347-11e2-9cec-b88d121aa620,上海瑞众汽车销售服务有限公司(北京汽车),北京汽车,沪南公路4777弄239号（上海车市内）[,4008189666-1989,2013-03-02 22:42:51
75e9d935-8347-11e2-ae9a-b88d121aa620,上海恒锐汽车销售服务有限公司,北京现代,上海市闸北区江场西路872号（近共和新路）[,4008189666-1632,2013-03-02 22:42:51
765a0b66-8347-11e2-b726-b88d121aa620,上海名创汽车销售服务有限公司,"克莱斯勒,道奇,Jeep","普陀区金沙江路1072号,吴中路586号,安亭博园路7588号[",4008189666-1067,2013-03-02 22:42:52
765a121e-8347-11e2-a7f6-b88d121aa620,上海协通众盛汽车服务有限公司,上海大众,上海市嘉定区国际汽车城曹安公路4188号[,4008189666-1000,2013-03-02 22:42:52
765a164a-8347-11e2-87d8-b88d121aa620,上海绅协绅通汽车销售服务有限公司,东风日产,上海徐汇区龙吴路2996号[,4008189666-1087,2013-03-02 22:42:52
765a1a51-8347-11e2-ae70-b88d121aa620,上海绅亚汽车销售服务有限公司,东风悦达起亚,中春路（沪青平路）9998号[,4008189666-1561,2013-03-02 22:42:52
765a1e4c-8347-11e2-8e1c-b88d121aa620,上海平治汽车贸易有限公司,"奔驰,北京奔驰,福建奔驰",上海市闵行区七莘路1088号[,4008189666-1600,2013-03-02 22:42:52
765a222e-8347-11e2-8e15-b88d121aa620,北京现代汽车百联逸仙特约销售服务店,北京现代,上海市逸仙路1680号[,4008189666-2096,2013-03-02 22:42:52
765a260a-8347-11e2-a4f1-b88d121aa620,上海百联沪北汽车销售有限公司,上海大众斯柯达,上海市共和新路3550号（百联汽车广场内）[,4008189666-2097,2013-03-02 22:42:52
765a29e8-8347-11e2-8f01-b88d121aa620,上海弘仁汽车销售服务有限公司,比亚迪汽车,闵行店：漕宝路2108号（外环线西300米）杨浦店：周家嘴路3000号（内环高架出口处）浦东店：沪南公路3021号（近秀沿路口）[,4008189666-1047,2013-03-02 22:42:52
765a2db3-8347-11e2-913e-b88d121aa620,上海宝诚中环汽车销售服务有限公司,"华晨宝马,宝马,宝马M",宝山区长江西路999号[,4008189666-1001,2013-03-02 22:42:52
765a3173-8347-11e2-bed2-b88d121aa620,上海腾众汽车销售服务有限公司,大众,安亭国际汽车城核心贸易区步行街401号；长宁区昭化路158号；浦东张杨路2119号；浦东金高路2290号；徐汇区东安路239号[,4008189666-1040,2013-03-02 22:42:52
769e51eb-8347-11e2-b3d1-b88d121aa620,上海乐盛汽车销售服务有限公司,比亚迪汽车,上海市闵行区纪翟路1408号[,4008189666-2156,2013-03-02 22:42:53
769e58ab-8347-11e2-b00e-b88d121aa620,上海韦和汽车贸易有限公司,广汽长丰,上海市宝山区长江南路2号[,021-36140056,2013-03-02 22:42:53
769e5d02-8347-11e2-b042-b88d121aa620,上海东昌雷克萨斯,雷克萨斯,上海市浦东新区沪南路2408号[,4008189666-1997,2013-03-02 22:42:53
769e6123-8347-11e2-a8fb-b88d121aa620,上海东神汽车销售服务有限公司,东风风神,上海市闵行区沪青平公路955号（中春路口）[,4008189666-1329,2013-03-02 22:42:53
769e6535-8347-11e2-8b0c-b88d121aa620,上海源烨汽车销售有限公司,力帆汽车,上海市沪南公路4777弄266号[,4008189666-1914,2013-03-02 22:42:53
769e6930-8347-11e2-8e03-b88d121aa620,上海宝信汽车销售服务有限公司,"华晨宝马,宝马,宝马M",上海吴中路1715号[,4008189666-1113,2013-03-02 22:42:53
769e6d23-8347-11e2-9567-b88d121aa620,上海绿地宝仕汽车销售服务有限公司,"宝马,华晨宝马",上海市杨浦区周家嘴路3388号（内环周家嘴路出口，近隆昌路）[,4008189666-2091,2013-03-02 22:42:53
769e70ee-8347-11e2-8e08-b88d121aa620,上海上德宝骏汽车销售服务有限公司,"宝马,华晨宝马",上海市浦东新区居家桥路571号（近博山东路）[,4008189666-2030,2013-03-02 22:42:53
769e74b8-8347-11e2-a53e-b88d121aa620,上海东昌金桥雪莱汽车销售服务有限公司,上海通用雪佛兰,上海市浦东新区长岛路860号（近平度路）[,4008189666-2228,2013-03-02 22:42:53
769e7882-8347-11e2-8cd1-b88d121aa620,上海瑞杰汽车销售服务有限公司,奇瑞汽车,上海市松江区美能达路503号[,4008189666-1711,2013-03-02 22:42:53
7706bee1-8347-11e2-b94c-b88d121aa620,上海闵行开隆汽车有限公司,东风日产,闵行区虹梅南路1528弄5号[,4008189666-1202,2013-03-02 22:42:53
7706c5a3-8347-11e2-8187-b88d121aa620,上海安吉名世汽车服务有限公司,"凯迪拉克,上海通用凯迪拉克",上海市普陀区铜川路1288号；徐汇区东安路239号[,4008189666-1061,2013-03-02 22:42:53
7706ca0f-8347-11e2-b8d3-b88d121aa620,上海锦腾汽车销售服务有限公司,一汽-大众,上海市宝山区江杨南路1706号[,4008189666-2296,2013-03-02 22:42:53
7706ce3d-8347-11e2-b8e8-b88d121aa620,上海景和广菲汽车销售有限公司,"菲亚特,广汽菲亚特",上海市闸北区康宁路956号/普陀区金沙江路1885号[,4008189666-2166,2013-03-02 22:42:53
7706d242-8347-11e2-9b80-b88d121aa620,浙江宝利德汽车有限公司上海分公司,"奔驰,北京奔驰,奔驰AMG",上海市黄浦区西藏南路758号-1室[,4008189666-1094,2013-03-02 22:42:53
7706d628-8347-11e2-8f25-b88d121aa620,纳智捷上海世裕汽车生活馆,纳智捷,上海市杨浦区军工路1599号/上海市普陀区云岭东路651号/上海市松江区荣乐西路199弄3号[,4008189666-2023,2013-03-02 22:42:53
7706da11-8347-11e2-b23a-b88d121aa620,上海福成汽车销售服务有限公司,"长安福特,福特",上海市莲溪路1225号（绿科路路口，近沪南公路）[,4008189666-1794,2013-03-02 22:42:53
7706dddc-8347-11e2-98b1-b88d121aa620,上海永达汽车浦东销售服务有限公司,"一汽奥迪,奥迪",沪南店：浦东新区沪南公路2178号/张杨店：浦东新区张杨路2757号/CBD城市展厅：浦东新区世纪大道800号[,4008189666-1408,2013-03-02 22:42:53
7706e19c-8347-11e2-881c-b88d121aa620,上海安吉名流汽车服务有限公司,"上海通用别克,别克",上海市普陀区铜川路1366号[,4008189666-2160,2013-03-02 22:42:53
7706e551-8347-11e2-8650-b88d121aa620,上海润迪汽车销售服务店,比亚迪汽车,沪南公路4789弄322号[,4008189666-1062,2013-03-02 22:42:53
7757ddd7-8347-11e2-8847-b88d121aa620,上海金旋汽车服务有限公司,一汽-大众,上海市奉贤区沪杭公路1068号[,4008189666-1095,2013-03-02 22:42:54
7757e4a3-8347-11e2-ba8d-b88d121aa620,上海骏佳雷克萨斯汽车销售服务有限公司,雷克萨斯,上海市闵行区中春路6518号(近顾戴路口)[,4008189666-1045,2013-03-02 22:42:54
7757e917-8347-11e2-8f62-b88d121aa620,上海百联沪通汽车销售有限公司,"上海通用凯迪拉克,凯迪拉克",上海市闸北区共和新路3200号[,4008189666-2108,2013-03-02 22:42:54
7757ed4f-8347-11e2-9b19-b88d121aa620,上海越也汽车销售服务有限公司,"克莱斯勒,道奇,Jeep",上海市虹梅南路1507号[,4008189666-1048,2013-03-02 22:42:54
7757f17d-8347-11e2-bc6b-b88d121aa620,上海通孚祥汽车贸易有限公司,"沃尔沃,长安沃尔沃",闵行区吴中路366号[,4008189666-1068,2013-03-02 22:42:54
7757f58c-8347-11e2-8d2b-b88d121aa620,利星行汽车—上海奔驰有限公司-上海东驰汽车有限公司,"奔驰,北京奔驰,奔驰AMG","上海市浦东新区康梧路386号,杨高南路428号（由由世纪广场一楼）[",4008189666-1074,2013-03-02 22:42:54
7757f9a6-8347-11e2-b6aa-b88d121aa620,上海中骋汽车销售有限公司,东风标致,上海市宝山区共和新路5188号(近共江路)[,4008189666-1344,2013-03-02 22:42:54
7757fda1-8347-11e2-96f0-b88d121aa620,上海太平洋金沙汽车销售服务有限公司,"上海通用别克,别克",上海市普陀区云岭西路689号[,4008189666-1788,2013-03-02 22:42:54
77580175-8347-11e2-b49d-b88d121aa620,上海永达福特汽车销售服务有限公司,"长安福特,福特",宝山区长江西路977号（联系人--徐骏立：138,查看地图,2013-03-02 22:42:54
77580568-8347-11e2-84cf-b88d121aa620,上海汽车进出口有限公司,"雷诺,欧宝",上海浦东张杨路2119号[,4008189666-1261,2013-03-02 22:42:54
77c0d2fa-8347-11e2-99a2-b88d121aa620,上海宝景汽车销售服务有限公司,"华晨宝马,宝马,宝马M",闵行区莲花南路2268号[,4008189666-1072,2013-03-02 22:42:54
77c0d9c7-8347-11e2-892f-b88d121aa620,上海虹湾贸易有限公司,一汽-大众,上海市闵行区曲吴路700号[,4008189666-2420,2013-03-02 22:42:54
77c0de07-8347-11e2-be6c-b88d121aa620,上海尚德汽车销售服务有限公司,东风悦达起亚,上海市青浦区北青公路9665号[,4008189666-2162,2013-03-02 22:42:54
77c0e217-8347-11e2-81b8-b88d121aa620,宾利上海展厅,宾利,上海市静安区北京西路833号[,4008189666-2095,2013-03-02 22:42:54
77c0e600-8347-11e2-85de-b88d121aa620,上海西上海申杰汽车销售服务有限公司,"长安沃尔沃,沃尔沃",上海市普陀区红柳路325号（红柳路/柳园路路口）[,4008189666-1913,2013-03-02 22:42:54
77c0e9d4-8347-11e2-a780-b88d121aa620,上海西上海奥杰汽车销售服务有限公司,"一汽奥迪,奥迪",上海市普陀区真北路(近铜川路)[,4008189666-2196,2013-03-02 22:42:54
77c0ed9c-8347-11e2-a1f2-b88d121aa620,上海宝狮汽车销售服务有限公司,东风标致,上海市徐汇区龙水南路201号一幢[,4008189666-1195,2013-03-02 22:42:54
77c0f166-8347-11e2-8a49-b88d121aa620,上海嘉顺汽车销售有限公司,"三菱,东南三菱,广汽三菱",上海市徐汇区龙吴路580号[,4008189666-1012,2013-03-02 22:42:54
77c0f528-8347-11e2-b270-b88d121aa620,上海永达路捷汽车销售服务有限公司(路虎),路虎,中心：上海市浦东新区龙东大道2711号(近申江路),公司电话：,2013-03-02 22:42:54
77c0f8e8-8347-11e2-af2d-b88d121aa620,上海宝景星诚汽车销售服务有限公司,"华晨宝马,宝马,宝马M",北松公路7168号（近松卫北路）[,4008189666-1071,2013-03-02 22:42:54
7811ffa3-8347-11e2-88dd-b88d121aa620,上海捷润汽车销售服务有限公司,路虎,上海市松江区沪松公路1197号[,4008189666-2172,2013-03-02 22:42:55
78120666-8347-11e2-8726-b88d121aa620,上海美跃雷克萨斯汽车销售服务有限公司,雷克萨斯,上海市闵行区虹梅南路3508号[,4008189666-1770,2013-03-02 22:42:55
78120b47-8347-11e2-bbbb-b88d121aa620,上海佰泰汽车销售服务有限公司,大众,上海市杨浦区周家嘴路2819号[,4008189666-2354,2013-03-02 22:42:55
7812103d-8347-11e2-99bc-b88d121aa620,上海格林威青浦店,长安福特,上海市青浦区北青公路8955号[,4008189666-1601,2013-03-02 22:42:55
78121442-8347-11e2-a3a9-b88d121aa620,上海永达捷豹路虎金茂大厦店,捷豹,上海市浦东新区世纪大道88号金茂大厦裙楼6号门（近花园石桥路）[,4008189666-2412,2013-03-02 22:42:55
78121823-8347-11e2-ab4a-b88d121aa620,上海安吉名门汽车服务有限公司,"雪佛兰,上海通用雪佛兰",普陀区铜川路1366号（近大渡河路）[,4008189666-1060,2013-03-02 22:42:55
78121c0a-8347-11e2-a347-b88d121aa620,上海永达路捷汽车销售服务有限公司(捷豹),捷豹,中心：龙东大道2711号(近申江路),公司电话：,2013-03-02 22:42:55
78121fe6-8347-11e2-9a55-b88d121aa620,上海弘宇汽车销售服务有限公司,东风悦达起亚,上海市奉贤区环城北路986号(近沪杭公路）[,4008189666-2158,2013-03-02 22:42:55
781223b0-8347-11e2-874d-b88d121aa620,上海中升之星汽车销售服务有限公司五角场分公司,"奔驰,smart,北京奔驰",上海市杨浦区淞沪路308号（五角场创智天地）[,4008189666-2230,2013-03-02 22:42:55
7812277d-8347-11e2-a5a5-b88d121aa620,上海宝信实嘉汽车销售有限公司,GMC,上海市吴中路1715号[,4008189666-2340,2013-03-02 22:42:55
787eeb4f-8347-11e2-aad2-b88d121aa620,广汽本田汽车亚欧特约销售服务店,广汽本田,上海市徐汇区龙吴路900号（近万体馆）[,4008189666-1912,2013-03-02 22:42:56
787ef22e-8347-11e2-8160-b88d121aa620,上海铂众汽车销售服务有限公司,大众,上海市浦东新区御桥路1377号[,4008189666-1054,2013-03-02 22:42:56
787ef673-8347-11e2-b953-b88d121aa620,上海凡德汽车销售有限公司(MINI),MINI,上海市浦东沪南路2525号[,4008189666-1259,2013-03-02 22:42:56
787efa78-8347-11e2-925d-b88d121aa620,上海普陀宝诚汽车销售服务有限公司,MINI,上海市普陀区云岭西路638号[,4008189666-1044,2013-03-02 22:42:56
787efe68-8347-11e2-8d88-b88d121aa620,上海宝德集团,"华晨宝马,宝马,宝马M",浦西虹桥店：闵行区华翔路245号/浦东沪南路店：浦东新区沪南公路2525号[,4008189666-1578,2013-03-02 22:42:56
787f0247-8347-11e2-a5ee-b88d121aa620,上海森那美汽车商业有限公司(路虎),路虎,龙水南路201号2幢，南京西路258号首层[,4008189666-1591,2013-03-02 22:42:56
787f0611-8347-11e2-9143-b88d121aa620,上海森那美汽车商业有限公司(捷豹),捷豹,徐汇区龙水南路201号2幢[,4008189666-1590,2013-03-02 22:42:56
787f09e6-8347-11e2-9137-b88d121aa620,上海百合汽车销售有限公司,上海大众斯柯达,上海市浦东新区六灶镇南六公路1189号临（毗邻地铁11号线）[,4008189666-2159,2013-03-02 22:42:56
787f0db8-8347-11e2-ba69-b88d121aa620,上海永达东沃汽车销售服务有限公司,"沃尔沃,长安沃尔沃",上海市浦东新区沪南路2178号（御桥路口）[,4008189666-1131,2013-03-02 22:42:56
787f117a-8347-11e2-83ec-b88d121aa620,上海德辰奥迪旗舰店,"一汽奥迪,奥迪",闵行区颛兴东路1280弄3号[,4008189666-1592,2013-03-02 22:42:56
78ed6be8-8347-11e2-a085-b88d121aa620,利星行汽车—上海汇之星汽车维修服务有限公司,"奔驰,北京奔驰,奔驰AMG",上海市浦东新区南六公路1233号[,4008189666-1035,2013-03-02 22:42:56
78ed72c7-8347-11e2-8826-b88d121aa620,上海交运起申汽车销售服务有限公司,一汽-大众,上海市杨浦区内江路303号[,4008189666-2310,2013-03-02 22:42:56
78ed7711-8347-11e2-96bb-b88d121aa620,中进汽贸上海进口汽车贸易有限公司(欧宝),欧宝,上海市吴中路586号[,4008189666-1075,2013-03-02 22:42:56
78ed7b42-8347-11e2-9ef5-b88d121aa620,上海宝诚汽车销售服务有限公司,"华晨宝马,宝马,宝马M",上海市浦东新区龙东大道2777号[,4008189666-1006,2013-03-02 22:42:56
78ed7f51-8347-11e2-8443-b88d121aa620,上海慕森汽车销售服务有限公司,一汽-大众,上海浦东新区新场镇申江南路5600号[,4008189666-2313,2013-03-02 22:42:56
78ed8345-8347-11e2-b3db-b88d121aa620,上海宝诚中环汽车销售有限公司,MINI,上海市长江西路999号[,4008189666-2123,2013-03-02 22:42:56
78ed875c-8347-11e2-badb-b88d121aa620,上海利港汽车销售有限公司,东风雪铁龙,上海市长宁区延安西路3208号[,4008189666-2431,2013-03-02 22:42:56
78ed8b3d-8347-11e2-abdc-b88d121aa620,上海永达汽车浦东贸易有限公司,一汽-大众,上海市浦东新区张杨路2761号[,4008189666-2311,2013-03-02 22:42:56
78ed8f11-8347-11e2-a3a4-b88d121aa620,上海中进众旺汽车销售服务有限公司,大众,宝山区江杨南路1381号[,4008189666-1004,2013-03-02 22:42:56
78ed92dc-8347-11e2-a1b1-b88d121aa620,上海甲申汽车销售服务有限公司,一汽吉林,上海市松江区新桥镇九新公路2758号,公司电话：,2013-03-02 22:42:56
79426080-8347-11e2-9e71-b88d121aa620,上海科达汽车销售服务有限公司,江铃汽车,上海市浦东新区川桥路350号[,4008189666-1959,2013-03-02 22:42:57
7942674c-8347-11e2-a232-b88d121aa620,上海星客特汽车销售有限公司,福特,上海市浦东新区陆家嘴东路166号中国保险大厦一楼[,4008189666-2077,2013-03-02 22:42:57
79426b97-8347-11e2-90f3-b88d121aa620,上海星客特汽车销售有限公司（林肯）,林肯,浦东新区陆家嘴东路166号中国保险大厦一楼[,18616837827,2013-03-02 22:42:57
79426fc5-8347-11e2-94b0-b88d121aa620,上海开隆汽车服务有限公司,一汽-大众,上海市闵行区吴中路1439号[,4008189666-2312,2013-03-02 22:42:57
794273d4-8347-11e2-a1d4-b88d121aa620,上海安吉瑞欧汽车销售有限公司,斯巴鲁,上海市徐汇区东安路239号5幢三楼[,4008189666-1990,2013-03-02 22:42:57
794277dc-8347-11e2-bbaa-b88d121aa620,上海锦云汽车销售服务有限公司,东风悦达起亚,上海市松江区沪松公路3778号5幢[,4008189666-2126,2013-03-02 22:42:57
79427bd7-8347-11e2-8c1c-b88d121aa620,上海星瀚汽车维修服务有限公司(奔驰),"奔驰,smart,北京奔驰,奔驰AMG",上海市普陀区红柳路288号[,4008189666-1051,2013-03-02 22:42:57
79427fb8-8347-11e2-9360-b88d121aa620,上海中驰汽车销售有限公司,比亚迪汽车,上海市沪南路2502号[,021-50880390,2013-03-02 22:42:57
7942838a-8347-11e2-8f39-b88d121aa620,上海盛德世海销售服务店,"海马汽车,海马郑州",上海市闵行区华翔路1319号[,021-60528111,2013-03-02 22:42:57
7942875e-8347-11e2-b890-b88d121aa620,上海安吉斯巴鲁汽车销售服务有限公司,斯巴鲁,上海市杨浦区营口路699号[,4008189666-1628,2013-03-02 22:42:57
79904eba-8347-11e2-9c32-b88d121aa620,上海嘉安汽车销售有限公司,一汽-大众,上海市嘉定区嘉安公路2688号[,021-69161222,2013-03-02 22:42:57
7990559c-8347-11e2-920a-b88d121aa620,上海先进汽车销售服务有限公司,雪铁龙,上海市闵行区华翔路55号[,021-52273380,2013-03-02 22:42:57
799059de-8347-11e2-a26b-b88d121aa620,上海万兴世界汽车销售服务有限公司,"上海通用别克,别克",上海市周家嘴路3055号[,021-35121100,2013-03-02 22:42:57
79905f19-8347-11e2-a588-b88d121aa620,上海宝乐汽车销售服务有限公司,一汽-大众,上海市宝杨路1929号[,021-56123308,2013-03-02 22:42:57
799063c0-8347-11e2-bcf0-b88d121aa620,上海东昌福德汽车销售服务有限公司,"长安福特,福特",上海市普陀区金沙江路2129号[,021-52691100,2013-03-02 22:42:57
799067e6-8347-11e2-b956-b88d121aa620,上海格林威汽车销售有限公司,"长安福特,福特",上海嘉定区安亭镇墨玉南路900号[,021-69502652,2013-03-02 22:42:57
79906bd4-8347-11e2-a10b-b88d121aa620,上海福银汽车销售服务有限公司,长安福特,上海浦东新区川桥路200号[,021-51330122,2013-03-02 22:42:57
79906fd1-8347-11e2-80c5-b88d121aa620,上海汇胜汽车贸易有限公司沪南销售服务店,"东南汽车,东南三菱",上海浦东沪南公路4777号[,021-68041088,2013-03-02 22:42:57
799073d7-8347-11e2-ade6-b88d121aa620,中进汽贸上海进口汽车贸易有限公司(进口三菱),三菱,上海市吴中路586号[,021-64050032,2013-03-02 22:42:57
79907799-8347-11e2-957c-b88d121aa620,北京现代汽车东昌特约销售服务店,北京现代,上海市浦东新区浦建路1509号（近杜鹃路口）[,021-50457966,2013-03-02 22:42:57
79e69587-8347-11e2-a0f1-b88d121aa620,北京现代汽车北现特约销售服务店,北京现代,上海市吴中路472号[,021-54777033,2013-03-02 22:42:58
79e69c54-8347-11e2-a0fe-b88d121aa620,北京现代汽车中创特约销售服务店,北京现代,沪普陀区真北路2211号[,021-52787878,2013-03-02 22:42:58
79e6a09e-8347-11e2-af80-b88d121aa620,北京现代汽车和平时代特约销售服务店,北京现代,上海市沪南路2651号(过渡店：2418号)[,021-51309292,2013-03-02 22:42:58
79e6a4ba-8347-11e2-8099-b88d121aa620,北京现代汽车现峰特约销售服务店,北京现代,上海市江杨南路980号[,021-56888800,2013-03-02 22:42:58
79e6a8d4-8347-11e2-beb6-b88d121aa620,北京现代汽车通现特约销售服务店,北京现代,上海市龙吴路420号(近石龙路)[,021-51502222,2013-03-02 22:42:58
79e6acbd-8347-11e2-bd89-b88d121aa620,上海闸捷汽车销售有限公司,"昌河汽车,昌河铃木",上海市宝山区呼兰路555号（爱晖路821号）[,021-56996459,2013-03-02 22:42:58
79e6b091-8347-11e2-8c2a-b88d121aa620,上海绿地浦成汽车销售有限公司,长安马自达,上海市浦东新区川桥路350号[,021-50322111,2013-03-02 22:42:58
79e6b459-8347-11e2-9f6a-b88d121aa620,上海京磐汽车销售有限公司,一汽吉林,上海市南汇区沪南公路4777号上海车市268号展厅[,021-68041180,2013-03-02 22:42:58
79e6b819-8347-11e2-b9dc-b88d121aa620,东风本田汽车风逸特约销售服务店,"东风本田,东风本田-思铭",上海市闸北区少年村路407号[,021-56687711,2013-03-02 22:42:58
79e6bbd9-8347-11e2-be8a-b88d121aa620,上海申银本业销售服务有限公司,"东风本田,东风本田-思铭",上海市江扬南路1645号[,4008189666-1112,2013-03-02 22:42:58
7a5c850c-8347-11e2-a10f-b88d121aa620,东风本田汽车永达特约销售服务店,"东风本田,东风本田-思铭",上海市浦东新区御桥路1461号[,021-68937059,2013-03-02 22:42:59
7a5c8bc7-8347-11e2-a695-b88d121aa620,东风本田汽车通本特约销售服务店,"东风本田,东风本田-思铭",上海市闽行区中春路6800号[,021-51193622,2013-03-02 22:42:59
7a5c9007-8347-11e2-a966-b88d121aa620,东风本田汽车陆达特约销售服务店,"东风本田,东风本田-思铭",上海市普陀区真南路829号乙分号[,4008189666-1090,2013-03-02 22:42:59
7a5c9421-8347-11e2-8006-b88d121aa620,东风日产上海锦江专营店,东风日产,上海市长宁区哈密路800号[,021-62613030,2013-03-02 22:42:59
7a5c9826-8347-11e2-933a-b88d121aa620,东风日产上海宝钢普陀专营店,东风日产,上海市普陀区真陈路399号[,021-66583999,2013-03-02 22:42:59
7a5c9c11-8347-11e2-b1b5-b88d121aa620,东风日产上海东昌专营店,东风日产,上海市闸北区共和新路5179号[,021-66201100,2013-03-02 22:42:59
7a5c9ff8-8347-11e2-85b5-b88d121aa620,东风日产上海绅协专营店,东风日产,上海市闵行区中春路9998号[,021-64796928,2013-03-02 22:42:59
7a5ca3c2-8347-11e2-a8f3-b88d121aa620,东风日产上海隆利专营店,东风日产,上海市嘉定区安亭镇安驰路885号[,021-69502786,2013-03-02 22:42:59
7a5ca797-8347-11e2-b49b-b88d121aa620,东风日产上海永达专营店,东风日产,上海市浦东新区罗山路1447号[,021-50336789,2013-03-02 22:42:59
7a5cab57-8347-11e2-9e20-b88d121aa620,东风日产上海诚隆专营店,东风日产,上海市浦东新区沪南路2298号[,021-68937600,2013-03-02 22:42:59
7ab8b87d-8347-11e2-aa53-b88d121aa620,广汽本田汽车华田特约销售服务店,"广汽本田,广汽本田-理念",上海市沪太路901号[,021-66106616,2013-03-02 22:42:59
7ab8bf54-8347-11e2-ad04-b88d121aa620,广汽本田汽车信隆特约销售服务店,"广汽本田,广汽本田-理念",金沪路1000号靠近川桥路[,021-50701111,2013-03-02 22:42:59
7ab8c394-8347-11e2-8ba5-b88d121aa620,广汽本田汽车永达龙东特约销售服务店,"广汽本田,广汽本田-理念",上海市浦东新区御桥路1441号[,021-68795606,2013-03-02 22:42:59
7ab8c7e3-8347-11e2-bf50-b88d121aa620,广汽本田汽车奉贤特约销售服务店,"广汽本田,广汽本田-理念",上海市奉贤区沪杭公路1066号[,021-57437333,2013-03-02 22:42:59
7ab8cbf3-8347-11e2-9409-b88d121aa620,广汽丰田上海开隆徐汇店,广汽丰田,上海市徐汇区龙吴路900号[,021-54368000,2013-03-02 22:42:59
7ab8d00a-8347-11e2-aa86-b88d121aa620,广汽丰田上海美兰沪西店,广汽丰田,上海市普陀区云岭西路688号[,021-52697398,2013-03-02 22:42:59
7ab8d3de-8347-11e2-8699-b88d121aa620,广汽丰田上海长宇浦东店,广汽丰田,上海市浦东新区榕桥路618号[,021-50321688,2013-03-02 22:42:59
7ab8d7dc-8347-11e2-8ad5-b88d121aa620,广汽丰田上海和展闵行店,广汽丰田,上海市闵行区莲花南路2058号[,021-34305128,2013-03-02 22:42:59
7ab8db9c-8347-11e2-8666-b88d121aa620,广汽丰田上海新港杨浦店,广汽丰田,上海市杨浦区四平路2160号[,021-55062522,2013-03-02 22:42:59
7ab8df8c-8347-11e2-9d99-b88d121aa620,广汽丰田上海永达长荣店,广汽丰田,上海市浦东新区御桥路1458号[,021-58796789,2013-03-02 22:42:59
7afd218a-8347-11e2-80dd-b88d121aa620,广汽丰田上海绅瑞真南店,广汽丰田,上海市普陀区真南路3847号[,021-66275155,2013-03-02 22:43:00
7afd2857-8347-11e2-a228-b88d121aa620,上海华星鸿华汽车销售服务有限公司,华晨中华,上海市真南路2133号[,400-8885696,2013-03-02 22:43:00
7afd2c97-8347-11e2-88bd-b88d121aa620,上海沪仑汽车销售服务有限公司,江淮汽车,上海市宝山区沪太路3156号[,021-51813000,2013-03-02 22:43:00
7afd30a6-8347-11e2-ba82-b88d121aa620,上海德驰汽车销售有限公司,江淮汽车,上海闵行区七莘路3700号[,021-64619188,2013-03-02 22:43:00
7afd3499-8347-11e2-a8f3-b88d121aa620,上海华星江瑞汽车销售服务有限公司,江淮汽车,上海虹梅南路608号[,021-54299899-608,2013-03-02 22:43:00
7afd3878-8347-11e2-a8b0-b88d121aa620,上海信佳汽车销售服务有限公司,"克莱斯勒,道奇,Jeep",上海浦东新区莲溪路1298号（近沪南路绿科路）[,021-58915423,2013-03-02 22:43:00
7afd3c4a-8347-11e2-b94a-b88d121aa620,上海六丰汽车销售有限公司,陆风汽车,上海市宝山区逸仙路1950号[,021-66182870,2013-03-02 22:43:00
7afd4014-8347-11e2-9be7-b88d121aa620,上海威仕华凯汽车销售服务有限公司,MG,上海市长江西路963号[,021-66225780,2013-03-02 22:43:00
7afd43d7-8347-11e2-9bcc-b88d121aa620,上海瑞圣汽车销售服务有限公司,瑞麒,浦东闵行区江月路1333号[,021-54320800,2013-03-02 22:43:00
7afd478a-8347-11e2-ba69-b88d121aa620,上海弘浩汽车销售服务有限公司,"奇瑞汽车,瑞麒",上海市闵行区黎安路1118号[,021-54888889,2013-03-02 22:43:00
7b4426dc-8347-11e2-89f9-b88d121aa620,上海申银汽车服务有限公司,上海大众,上海市普陀区中山北路2500号[,021-52906666,2013-03-02 22:43:00
7b442db3-8347-11e2-bffc-b88d121aa620,上海宝山盛海汽车销售服务有限公司,上海大众,上海宝山区月罗路241号[,021-56641192,2013-03-02 22:43:00
7b4431f5-8347-11e2-b847-b88d121aa620,上海大众汽车虹桥销售服务有限公司,上海大众,上海市沪青平公路455号[,021-64219019,2013-03-02 22:43:00
7b44360f-8347-11e2-8383-b88d121aa620,上海永增汽车销售服务有限公司,上海大众,上海市浦东新区张杨北路3839号[,021-56671662,2013-03-02 22:43:00
7b443a5c-8347-11e2-8ca4-b88d121aa620,上海海博广得利汽车销售有限公司,上海大众,上海市宝山区场中路3525号[,021-66508660,2013-03-02 22:43:00
7b443e57-8347-11e2-91e0-b88d121aa620,上海云峰交运汽车销售服务有限公司,上海大众斯柯达,上海市普陀区真北路1038号(近怒江北路)[,021-52810202,2013-03-02 22:43:00
7b444273-8347-11e2-ba1c-b88d121aa620,上海冠松汽车普陀销售服务有限公司,"上海通用别克,别克",上海市真北路3045号[,021-63639222,2013-03-02 22:43:00
7b44463a-8347-11e2-92a2-b88d121aa620,上海永达申龙汽车有限公司,"上海通用凯迪拉克,凯迪拉克",上海市浦东新区龙东大道2711号[,021-58786789,2013-03-02 22:43:00
7b444a23-8347-11e2-a9ef-b88d121aa620,上海东昌凯帝汽车销售服务有限公司,"上海通用凯迪拉克,凯迪拉克",上海市浦东新区御桥路1470号[,021-68933888,2013-03-02 22:43:00
7b444e02-8347-11e2-af6a-b88d121aa620,上海永达通豪汽车销售服务有限公司,"上海通用雪佛兰,雪佛兰",上海市闵行区吴宝路789号[,021-64656789,2013-03-02 22:43:00
7bb13757-8347-11e2-bf75-b88d121aa620,上海东昌雪莱汽车销售服务有限公司,"上海通用雪佛兰,雪佛兰",上海市浦东新区御桥路1468号[,021-68937999,2013-03-02 22:43:01
7bb13f07-8347-11e2-9a94-b88d121aa620,上海协通锦发汽车销售服务有限公司,"雪佛兰,上海通用雪佛兰",上海市嘉定区澄浏中路1900号[,021-59995677,2013-03-02 22:43:01
7bb143de-8347-11e2-9288-b88d121aa620,上海太平洋申隆汽车销售服务有限公司,"雪佛兰,上海通用雪佛兰",上海市闵行区吴中路1389号[,021-34133337,2013-03-02 22:43:01
7bb14885-8347-11e2-9ed4-b88d121aa620,上海强生北美汽车销售服务有限公司,"雪佛兰,上海通用雪佛兰",上海市普陀区沪太路800号[,021-56070228,2013-03-02 22:43:01
7bb14d0f-8347-11e2-b9c4-b88d121aa620,上海锦骏汽车销售服务有限公司,"雪佛兰,上海通用雪佛兰",上海市宝山区场中路3535-1号[,021-66516700,2013-03-02 22:43:01
7bb15182-8347-11e2-a447-b88d121aa620,上海瑞隆汽车销售服务有限公司,"上海通用雪佛兰,雪佛兰",上海市青浦区外青松公路5600号[,021-69213198,2013-03-02 22:43:01
7bb155e1-8347-11e2-b141-b88d121aa620,上海卓力汽车销售服务有限公司,"雪佛兰,上海通用雪佛兰",上海市浦东新区张杨路1736号[,021-68530022,2013-03-02 22:43:01
7bb15a35-8347-11e2-9082-b88d121aa620,上海永达宝运来汽车销售服务有限公司,"上海通用雪佛兰,雪佛兰",上海市浦东新区龙东大道2777号[,021-58960011,2013-03-02 22:43:01
7bb15e7a-8347-11e2-b6a2-b88d121aa620,上海绿地徐通汽车销售服务有限公司,"雪佛兰,上海通用雪佛兰",上海市徐汇区船厂路185号[,021-64165666,2013-03-02 22:43:01
7bb162bd-8347-11e2-9ff2-b88d121aa620,上海名流星域汽车服务有限公司,"上海通用雪佛兰,雪佛兰",上海市杨浦区内江路301号[,021-65666888,2013-03-02 22:43:01
7bfa8f63-8347-11e2-98cf-b88d121aa620,上海云峰流仕汽车发展有限公司,"上海通用雪佛兰,雪佛兰",上海市金山区亭枫公路3038号[,021-67311155,2013-03-02 22:43:02
7bfa9630-8347-11e2-b0a9-b88d121aa620,上海永达威荣汽车销售服务有限公司,上汽荣威,上海市御桥路1461号[,021-50836789,2013-03-02 22:43:02
7bfa9a7d-8347-11e2-bbf8-b88d121aa620,上海文洋闵行汽车销售服务有限公司,上汽荣威,上海市元江路3266号-A[,021-64901616,2013-03-02 22:43:02
7bfa9e8c-8347-11e2-ab4d-b88d121aa620,上海瑞孚汽车销售服务有限公司,上汽荣威,上海市江杨南路1058号[,021-66976996,2013-03-02 22:43:02
7bfaa291-8347-11e2-9138-b88d121aa620,上海安吉汽车销售有限公司,"上汽荣威,MG",上海市徐汇区东安路231号[,021-33562000,2013-03-02 22:43:02
7bfaa699-8347-11e2-9a03-b88d121aa620,上海田盛汽车销售服务有限公司,上汽荣威,上海市青浦区沪青平公路4961号[,021-59733339,2013-03-02 22:43:02
7bfaaa80-8347-11e2-8fcf-b88d121aa620,上海交运云峰龙威汽车销售服务有限公司,上汽荣威,上海市长宁区天山路597号[,4008801718,2013-03-02 22:43:02
7bfaae4a-8347-11e2-ba64-b88d121aa620,上海申晟名威汽车销售服务有限公司,"上汽荣威,MG",宝山区丰翔路1358号[,4008881358,2013-03-02 22:43:02
7bfab214-8347-11e2-be69-b88d121aa620,上海海博君亿汽车销售有限公司,上汽荣威,上海市嘉定区安亭镇国际汽车城安驰路845号[,021-69503288,2013-03-02 22:43:02
7bfab5c7-8347-11e2-a8db-b88d121aa620,上海一汽沪奥汽车销售有限公司,"一汽奥迪,奥迪",上海市闵行区北翟路1800号[,021-52270000,2013-03-02 22:43:02
7c7d9e4a-8347-11e2-a5ac-b88d121aa620,上海开隆汽车贸易有限公司,"一汽奥迪,奥迪",上海市吴中路1439号[,021-64058888,2013-03-02 22:43:02
7c7da521-8347-11e2-a020-b88d121aa620,上海东联沪港汽车销售有限公司,"一汽奥迪,奥迪",上海市场中路1980号[,021-56913110,2013-03-02 22:43:02
7c7da961-8347-11e2-8cf1-b88d121aa620,上海东昌汽车嘉定销售服务有限公司,"一汽奥迪,奥迪",上海市嘉定区安亭镇国际汽车城核心贸易区步行街755号[,021-69502678,2013-03-02 22:43:02
7c7dad87-8347-11e2-9cb8-b88d121aa620,上海宝友汽车销售服务有限公司,"一汽奥迪,奥迪",上海市宝山区同济路651号[,021-56120202,2013-03-02 22:43:02
7c7db18c-8347-11e2-8a39-b88d121aa620,上海开隆丰田汽车销售服务有限公司,一汽丰田,上海市闵行区吴中路1219号[,021-34322222,2013-03-02 22:43:02
7c7db57d-8347-11e2-82cc-b88d121aa620,上海和裕丰田汽车销售服务有限公司,一汽丰田,上海市沪青平公路999号[,021-64202769,2013-03-02 22:43:02
7c7db966-8347-11e2-bbc5-b88d121aa620,上海东昌丰田汽车销售服务有限公司,一汽丰田,上海市浦东新区浦建路1289-1317号[,021-50450000,2013-03-02 22:43:02
7c7dbd3a-8347-11e2-aa9a-b88d121aa620,上海永达丰田汽车销售服务有限公司,一汽丰田,上海市浦东新区龙东大道2865号[,021-58965678,2013-03-02 22:43:02
7c7dc0f8-8347-11e2-b866-b88d121aa620,上海联合丰田汽车销售服务有限公司,一汽丰田,上海市汶水路470号[,021-66770191,2013-03-02 22:43:02
7c7dc4c2-8347-11e2-b815-b88d121aa620,上海锦江丰田汽车销售服务有限公司,一汽丰田,上海市吴中路88号[,021-64645678,2013-03-02 22:43:02
7ce5d0a8-8347-11e2-ae21-b88d121aa620,上海中汽丰田汽车销售服务有限公司,一汽丰田,上海市普陀区宁夏路711号（轻轨金沙江路站对面）[,021-62232233,2013-03-02 22:43:03
7ce5d780-8347-11e2-8134-b88d121aa620,上海中升丰田汽车销售服务有限公司,一汽丰田,上海市普陀区金沙江路2033号[,021-52708996,2013-03-02 22:43:03
7ce5dbd7-8347-11e2-843e-b88d121aa620,上海冠松丰田汽车销售服务有限公司,一汽丰田,上海市淞沪路718号[,021-65657890,2013-03-02 22:43:03
7ce5dffa-8347-11e2-9280-b88d121aa620,上海万兴丰田汽车销售服务有限公司,一汽丰田,上海市杨浦区黄兴路168号[,021-65398777,2013-03-02 22:43:03
7ce5e40a-8347-11e2-8b75-b88d121aa620,上海协通丰田汽车销售服务有限公司,一汽丰田,上海市国际汽车城安驰路558号[,021-69502929,2013-03-02 22:43:03
7ce5e805-8347-11e2-88fa-b88d121aa620,上海宝和丰田汽车销售服务有限公司,一汽丰田,上海市宝山区铁力路1300号[,021-56112000,2013-03-02 22:43:03
7ce5ebf8-8347-11e2-912a-b88d121aa620,上海安吉斯鸿汽车销售服务有限公司,上海大众斯柯达,上海市静安区康定路1155号[,021-52560017,2013-03-02 22:43:03
7ce5efde-8347-11e2-828b-b88d121aa620,上海世贸汽车贸易有限公司,"捷豹,路虎",上海市嘉定区安驰路8号[,021-69502266,2013-03-02 22:43:03
7ce5f3b3-8347-11e2-9c2e-b88d121aa620,上海绿地闵弘汽车销售服务有限公司,东风标致,上海市沪松公路1225号（奥林匹克花园对面）[,021-64591688,2013-03-02 22:43:03
7ce5f787-8347-11e2-8afe-b88d121aa620,上海绿地西南汽车销售服务有限公司,"奔腾,红旗,一汽欧朗",普陀区真北路3482号[,021-66392022,2013-03-02 22:43:03
7d506b8f-8347-11e2-9e1f-b88d121aa620,上海弘迅汽车销售服务有限公司,东风风行,上海市普陀区真北路3319号[,021-62500889,2013-03-02 22:43:04
7d507251-8347-11e2-adf6-b88d121aa620,广汽本田汽车美顺特约销售服务店,"广汽本田,广汽本田-理念",普陀区金沙江路2069号[,021-52703666,2013-03-02 22:43:04
7d5076a8-8347-11e2-b326-b88d121aa620,上海亨龙汽车销售服务有限公司,东风标致,上海市浦东新区金高路2388号[,021-58991616,2013-03-02 22:43:04
7d507acc-8347-11e2-bcb5-b88d121aa620,上海炜业龙阳汽车销售服务有限公司,"东风标致,标致",上海市浦东新区龙阳路1277号[,021-50591888,2013-03-02 22:43:04
7d507ed1-8347-11e2-b831-b88d121aa620,上海宝悦汽车销售服务有限公司,长安马自达,上海市宝山区双庆路460号[,021-66594623,2013-03-02 22:43:04
7d5082c2-8347-11e2-8bff-b88d121aa620,上海通锐汽车销售服务有限公司,"一汽马自达,马自达",上海市闵行区中春路6800号[,021-54880333,2013-03-02 22:43:04
7d5086a1-8347-11e2-acc7-b88d121aa620,上海西上海安达汽车销售服务有限公司,上海大众斯柯达,嘉定区安亭国际汽车城南安路266号(墨玉南路、南安路，加油站西侧）[,021-59575050,2013-03-02 22:43:04
7d508a78-8347-11e2-bff8-b88d121aa620,上海江湾五角场汽车销售服务有限公司,上海大众斯柯达,民庆路208号(近国和路)[,021-51670660,2013-03-02 22:43:04
7d508e4a-8347-11e2-b2b0-b88d121aa620,上海佳网汽车销售服务有限公司,上海大众斯柯达,上海市松江区美能达路800号[,021-67741199,2013-03-02 22:43:04
7d50920a-8347-11e2-8b34-b88d121aa620,上海锦弘汽车销售服务有限公司,奇瑞汽车,上海市浦东新区沪南公路3738号[,021-20985198,2013-03-02 22:43:04
7dde1699-8347-11e2-9411-b88d121aa620,上海鹏宇汽车销售服务有限公司,东风雪铁龙,上海闵行区中春路6111号[,021-54865108,2013-03-02 22:43:05
7dde1d63-8347-11e2-a846-b88d121aa620,上海云峰金山汽车发展有限公司,"上海通用别克,别克",上海市金山区朱泾镇亭枫公路3038号[,021-67311125,2013-03-02 22:43:05
7dde21b0-8347-11e2-92a4-b88d121aa620,上海永达汽车松江销售服务有限公司,"上海通用别克,别克",松江区方塔北路588号[,021-67741088,2013-03-02 22:43:05
7dde25d1-8347-11e2-b4f2-b88d121aa620,上海奇通汽车销售服务有限公司,"上海通用别克,别克",上海市沪松公路1217号[,021-67637966,2013-03-02 22:43:05
7dde29d9-8347-11e2-8e0d-b88d121aa620,上海锦江通永汽车销售服务有限公司,"上海通用别克,别克",上海市徐汇区宋园路166号[,021-62758833,2013-03-02 22:43:05
7dde2dc2-8347-11e2-953a-b88d121aa620,上海太平洋虹桥汽车贸易有限公司,"上海通用别克,别克",上海吴中路1575号[,021-34313333,2013-03-02 22:43:05
7dde31a8-8347-11e2-9005-b88d121aa620,上海永达通途汽车销售服务有限公司,"上海通用别克,别克",上海市闵行区吴宝路818号[,021-64016789,2013-03-02 22:43:05
7dde357d-8347-11e2-9ee2-b88d121aa620,上海文洋汽车销售服务有限公司,"上海通用别克,别克",上海市沪闵路2890号[,021-54460100,2013-03-02 22:43:05
7dde393d-8347-11e2-9c24-b88d121aa620,上海协通百联汽车销售服务有限公司,"上海通用别克,别克",共和新路3200号[,021-66312555,2013-03-02 22:43:05
7dde3d11-8347-11e2-8564-b88d121aa620,上海永达汽车贸易中心有限公司,"上海通用别克,别克",龙吴路1600号[,021-54366789,2013-03-02 22:43:05
7e5bfbf5-8347-11e2-b8e2-b88d121aa620,上海西上海宝山汽车销售服务有限公司,"上海通用别克,别克",上海同济路305号[,021-56586000,2013-03-02 22:43:06
7e5c02ba-8347-11e2-99e9-b88d121aa620,上海东昌汽车服务有限公司,"上海通用别克,别克",浦东新区浦建路1285号[,021-50459999,2013-03-02 22:43:06
7e5c06fa-8347-11e2-8c99-b88d121aa620,上海东昌汽车浦东销售服务有限公司,"上海通用别克,别克",上海市浦东新区御桥路1478号[,021-68938999,2013-03-02 22:43:06
7e5c0b0a-8347-11e2-8da7-b88d121aa620,上海永达通美汽车销售服务有限公司,"上海通用别克,别克",上海市浦东新区龙东大道2777号[,021-58766789,2013-03-02 22:43:06
7e5c0efd-8347-11e2-b7a4-b88d121aa620,上海强生银鑫汽车销售服务有限公司,北京现代,上海市闵行区银都路1258号[,021-52965096,2013-03-02 22:43:06
7e5c12e6-8347-11e2-88ca-b88d121aa620,上海南空汽车修理厂,北京现代,上海市场中路343号[,021-65362144-20,2013-03-02 22:43:06
7e5c1805-8347-11e2-a546-b88d121aa620,上海良海汽车修理有限公司,北京现代,上海市松江区松江东路267号[,021-57838668,2013-03-02 22:43:06
7e5c1bd7-8347-11e2-b647-b88d121aa620,上海巴士永达汽车销售有限公司,上海大众,上海市闵行区中春路9977号（沪青平公路口）[,021-54476789,2013-03-02 22:43:06
7e5c1fa1-8347-11e2-b33c-b88d121aa620,上海五角场汽车销售服务有限公司,上海大众,上海市杨浦区国和路800号[,021-55780010,2013-03-02 22:43:06
7e5c2375-8347-11e2-9cca-b88d121aa620,上海怡通汽车服务有限公司,上海大众,上海市浦东新区沪南公路3655号[,021-51096111,2013-03-02 22:43:06
7ed7c74c-8347-11e2-9f42-b88d121aa620,上海大众汽车同济销售服务有限公司,上海大众,上海市杨浦区赤峰路150号[,021-65985100,2013-03-02 22:43:06
7ed7cf1c-8347-11e2-93c2-b88d121aa620,上海天泽汽车销售服务有限公司,上海大众,上海市杨浦区周家嘴路2885号[,021-55809030,2013-03-02 22:43:06
7ed7d411-8347-11e2-aa1a-b88d121aa620,上海强生汽车贸易有限公司,上海大众,上海市沪太路1108号[,021-56066575,2013-03-02 22:43:06
7ed7d835-8347-11e2-aeb0-b88d121aa620,上海冠松汽车服务有限公司,上海大众,上海市普陀区真北路3045号[,021-63639955,2013-03-02 22:43:06
7ed7dc33-8347-11e2-89e7-b88d121aa620,上海大众汽车合庆销售服务有限公司,上海大众,上海市浦东新区龙东大道5893号[,021-58979000,2013-03-02 22:43:06
7ed7e02e-8347-11e2-bb73-b88d121aa620,上海锦江汽车销售服务有限公司,上海大众,上海市徐汇区吴中路259号[,021-62950255,2013-03-02 22:43:06
7ed7e414-8347-11e2-936e-b88d121aa620,上海财通坤田汽车销售服务有限公司,上海大众,上海市普陀区宁夏路777号[,021-52717780,2013-03-02 22:43:06
7ed7e7e8-8347-11e2-84d3-b88d121aa620,上海交运起元汽车销售服务有限公司,上海大众,上海市徐汇区龙水南路386号[,021-54095189,2013-03-02 22:43:06
7ed7ebb3-8347-11e2-98dd-b88d121aa620,上海大众汽车新明销售服务有限公司,上海大众,上海市奉贤区南桥镇沪杭公路2090号[,021-57108286,2013-03-02 22:43:06
7ed7ef7d-8347-11e2-884f-b88d121aa620,上海文洋振新汽车销售服务有限公司,上海大众,上海市沪闵路4300号[,021-34661017,2013-03-02 22:43:06
7f2e62c7-8347-11e2-b7c0-b88d121aa620,上海泰宸汽车销售服务有限公司,上海大众,上海市闵行区春申路2439号[,021-54378856,2013-03-02 22:43:07
7f2e6aca-8347-11e2-b672-b88d121aa620,上海弘迈汽车销售服务有限公司,上海大众,上海市青浦区沪青平公路2089号[,021-52263350,2013-03-02 22:43:07
7f2e71a1-8347-11e2-b0a5-b88d121aa620,上海大众汽车东昌销售服务有限公司,上海大众,上海市浦东浦建路1281-1285号[,021-50451111,2013-03-02 22:43:07
7f2e76ab-8347-11e2-a3be-b88d121aa620,上海大众汽车金桥销售服务有限公司,上海大众,上海市浦东新区金海路351号[,021-58541200,2013-03-02 22:43:07
7f2e7b00-8347-11e2-9bb7-b88d121aa620,上海浦东众天汽车销售服务有限公司,上海大众,上海市浦东新区张江路1196号[,021-58551517,2013-03-02 22:43:07
7f2e7f23-8347-11e2-a2d4-b88d121aa620,上海长江汽车销售服务有限公司,上海大众,上海市浦东新区高科西路毛家宅1号[,021-58834454,2013-03-02 22:43:07
7f2e8317-8347-11e2-a4fc-b88d121aa620,上海大众汽车马陆销售服务有限公司,上海大众,上海市嘉定区马陆镇宝安公路3131号[,021-59157983,2013-03-02 22:43:07
7f2e8726-8347-11e2-a957-b88d121aa620,上海汽车工业西上海销售有限公司,上海大众,上海市嘉定区安亭墨玉南路999号[,021-59578555,2013-03-02 22:43:07
7f2e8b05-8347-11e2-bf0c-b88d121aa620,上海大众汽车嘉定销售服务有限公司,上海大众,上海市嘉定区沪宜公路3658号[,021-59525645,2013-03-02 22:43:07
7f2e8f00-8347-11e2-b606-b88d121aa620,上海大众汽车青浦销售服务有限公司,上海大众,上海市青浦区沪青平公路5528号[,021-69238397,2013-03-02 22:43:07
7fb86591-8347-11e2-8fa1-b88d121aa620,上海奉杰汽车销售有限公司,上海大众,上海市奉贤区光明镇南奉公路6001号[,021-57472559,2013-03-02 22:43:08
7fb86c51-8347-11e2-9cb0-b88d121aa620,东风日产上海锦江城市专营店,东风日产,上海市徐汇区吴中路100号9幢[,021-62757777,2013-03-02 22:43:08
7fb87091-8347-11e2-912f-b88d121aa620,东风日产上海冠松专营店,东风日产,上海市浦东新区张江路1160号[,021-58558880,2013-03-02 22:43:08
7fb874a3-8347-11e2-8b4c-b88d121aa620,上海一汽汽车服务有限公司,一汽-大众,上海市闵行区华翔路71号[,021-52270233,2013-03-02 22:43:08
7fb878ab-8347-11e2-85fd-b88d121aa620,上海华星众捷汽车销售有限公司,一汽-大众,上海市普陀区真南路589号[,021-63637698,2013-03-02 22:43:08
7fb87c9c-8347-11e2-95f9-b88d121aa620,上海铃德汽车销售服务有限公司,长安铃木,上海市宝山区逸仙路1700号[,021-66186600,2013-03-02 22:43:08
7fb8807a-8347-11e2-bcb6-b88d121aa620,上海金旋铃铃汽车销售服务有限公司,长安铃木,上海市奉贤区南桥镇泸杭公路1058号[,021-67105000,2013-03-02 22:43:08
7fb88442-8347-11e2-b6e5-b88d121aa620,上海绿地徐捷汽车销售服务有限公司,上海大众斯柯达,上海浦东新区川桥路350号[,021-50329969,2013-03-02 22:43:08
7fb88817-8347-11e2-b216-b88d121aa620,上海永达巴士汽车销售服务有限公司,上海大众斯柯达,上海市虹梅路1682号(漕宝路口)[,021-64853030,2013-03-02 22:43:08
7fb88be1-8347-11e2-b6e5-b88d121aa620,上海永达通盛汽车服务有限公司,"上海通用雪佛兰,雪佛兰",上海市松江区俞塘路555号[,021-67741088,2013-03-02 22:43:08
801c89f8-8347-11e2-bd0b-b88d121aa620,上海华帆汽车销售服务有限公司,比亚迪汽车,上海市浦东新区航津路188号[,021-50677655,2013-03-02 22:43:08
801c91ee-8347-11e2-a598-b88d121aa620,上海锦富汽车销售服务有限公司,比亚迪汽车,上海宝山区富锦路5001号[,021-66013217,2013-03-02 22:43:08
801c9626-8347-11e2-8996-b88d121aa620,上海韩现汽车销售服务有限公司,现代,闵行区吴中路1329号A座[,4008189666-1011,2013-03-02 22:43:08
801c9a38-8347-11e2-a788-b88d121aa620,Acura上海五角场店,讴歌,上海市杨浦区国和路688号[,021-65579999,2013-03-02 22:43:08
801c9e28-8347-11e2-b422-b88d121aa620,上海东昌思达汽车销售服务有限公司,上海大众斯柯达,浦东新区御桥路1466号[,021-68931000,2013-03-02 22:43:08
801ca21c-8347-11e2-a119-b88d121aa620,上海九华汽车实业有限公司,江铃汽车,上海市沪青平公路329号江铃店[,021-54478068,2013-03-02 22:43:08
801ca5fa-8347-11e2-89be-b88d121aa620,上海英之杰雷克萨斯,雷克萨斯,上海杨浦区市光路405号[,021-65889000,2013-03-02 22:43:08
801ca9e3-8347-11e2-8f18-b88d121aa620,上海弘仁宝升汽车销售服务有限公司,比亚迪汽车,上海市浦东新区沪南公路3021号[,021-51875851,2013-03-02 22:43:08
801cadab-8347-11e2-92bd-b88d121aa620,上海嘉沃汽车销售服务有限公司,"沃尔沃,长安沃尔沃",上海市嘉定区永盛路2018号3幢[,021-59523399,2013-03-02 22:43:08
801cb16b-8347-11e2-ad4c-b88d121aa620,上海红悦汽车销售服务有限公司,东风悦达起亚,上海市沪南路4789弄3幢304－311号(上海车市内)[,021-68041177,2013-03-02 22:43:08
80ac7ef0-8347-11e2-a8e0-b88d121aa620,上海东悦汽车销售服务有限公司,东风悦达起亚,上海市宝山区江杨南路1008号[,021-66985766,2013-03-02 22:43:09
80ac85a8-8347-11e2-9b65-b88d121aa620,利星行汽车—上海通和贸易有限公司,"奔驰,北京奔驰,奔驰AMG,奔驰AMG",上海市闵行区沪青平公路989号[,4008189666-1085,2013-03-02 22:43:09
80ac8acf-8347-11e2-ac78-b88d121aa620,上海陆狮汽车销售服务有限公司,东风标致,上海市普陀区真南路829号[,021-52842266,2013-03-02 22:43:09
80ac8f80-8347-11e2-986b-b88d121aa620,上海美佳汽车销售服务有限公司,比亚迪汽车,南奉公路A30进口处[,021-57526666,2013-03-02 22:43:09
80ac941c-8347-11e2-b59f-b88d121aa620,上海海标汽车销售有限公司,东风标致,上海市杨浦区国和路680号[,021-55785808,2013-03-02 22:43:09
80ac9817-8347-11e2-9262-b88d121aa620,上海九炫汽车销售服务有限公司,"上海通用雪佛兰,雪佛兰",上海市奉贤区南亭公路1269号[,021-37596222,2013-03-02 22:43:09
80ac9bf5-8347-11e2-a805-b88d121aa620,上海启海汽车销售有限公司,"上海通用雪佛兰,雪佛兰",上海市崇明县城桥镇秀山路101号[,021-69631111,2013-03-02 22:43:09
80ac9fd4-8347-11e2-8721-b88d121aa620,广汽本田汽车本亭特约销售服务店,"广汽本田,广汽本田-理念",上海市青浦区徐泾镇高光路88号[,021-39813866,2013-03-02 22:43:09
80aca391-8347-11e2-8a8e-b88d121aa620,上海交运起成汽车销售服务有限公司,上海大众斯柯达,中山南二路555号[,021-64173030,2013-03-02 22:43:09
80aca75c-8347-11e2-a9cd-b88d121aa620,上海江铃汽车销售服务有限公司,江铃汽车,上海市汶水东路938号[,021-62176667,2013-03-02 22:43:09
816e41d4-8347-11e2-b11e-b88d121aa620,上海弘邦汽车销售服务有限公司,东风风行,上海市浦东中环华夏西路5778号（近沪南路）[,021-50180568,2013-03-02 22:43:11
816e48a1-8347-11e2-a4bd-b88d121aa620,上海禾众汽车销售服务有限公司,"长安乘用,长安商用",上海市浦东新区沪南公路2819号[,021-52966694,2013-03-02 22:43:11
816e4ce1-8347-11e2-be1c-b88d121aa620,上海冠松汽车闸北销售服务有限公司,"郑州日产,东风-郑州日产",上海市闸北区汶水路405号[,021-66524188,2013-03-02 22:43:11
816e50fa-8347-11e2-82c2-b88d121aa620,上海申田汽车销售有限公司,福田汽车,宝山逸仙路1780号（近殷高西路）[,021-68061022,2013-03-02 22:43:11
816e5500-8347-11e2-94f5-b88d121aa620,上海多菱汽车销售服务有限公司江杨南路三菱销售服务店,东南三菱,上海市宝山区江杨南路1373号[,021-66188081,2013-03-02 22:43:11
816e58fd-8347-11e2-ac78-b88d121aa620,上海金旋汽车销售有限公司航南公路销售服务店,"东南汽车,东南三菱",上海市奉贤区南桥镇团南公路5886号[,021-67108816,2013-03-02 22:43:11
816e5cd9-8347-11e2-a130-b88d121aa620,上海彤新汽车租赁服务有限公司,比亚迪汽车,上海市闵行区春申路2543号[,021-54998395,2013-03-02 22:43:11
816e60b0-8347-11e2-9f33-b88d121aa620,东风本田汽车锦田特约销售服务店(本田),"东风本田,东风本田-思铭",上海市杨浦区邯郸路195号[,021-65650368,2013-03-02 22:43:11
816e6485-8347-11e2-82a1-b88d121aa620,广汽本田汽车万兴特约销售服务店,"广汽本田,广汽本田-理念",上海杨浦区翔殷路875号[,021-65490656,2013-03-02 22:43:11
816e683a-8347-11e2-b50d-b88d121aa620,东风日产上海裕兴专营店,东风日产,上海市浦东新区新场镇沪南公路7511号[,021-58175333,2013-03-02 22:43:11
82398efa-8347-11e2-806f-b88d121aa620,东风日产上海隆佳专营店,东风日产,上海浦东新区御桥路1351号[,021-68938989,2013-03-02 22:43:12
823995f0-8347-11e2-bba6-b88d121aa620,上海文洋汽贸易有限公司,"上海通用雪佛兰,雪佛兰",闵行区元江路3266号[,021-64907060,2013-03-02 22:43:12
82399a4f-8347-11e2-9afb-b88d121aa620,上海协通汽车销售有限公司,"上海通用别克,别克",上海国际汽车城曹安路3908号[,021-39595300,2013-03-02 22:43:12
82399e7d-8347-11e2-866d-b88d121aa620,广汽本田汽车绿地特约销售服务店,"广汽本田,广汽本田-理念",上海市嘉定区沪宜公路4588号[,021-51652666,2013-03-02 22:43:12
8239a28c-8347-11e2-b5c8-b88d121aa620,广汽本田汽车松江特约销售服务店,"广汽本田,广汽本田-理念",上海市松江区沪松路228号[,021-67742211,2013-03-02 22:43:12
8239a675-8347-11e2-84c6-b88d121aa620,上海和凌雷克萨斯,雷克萨斯,上海市普陀区祁连山南路456号[,021-52697989,2013-03-02 22:43:12
8239aa54-8347-11e2-bd61-b88d121aa620,上海交运金桥汽车销售服务有限公司,上海大众,上海市普陀区中江路725号[,021-32521823,2013-03-02 22:43:12
8239ae1e-8347-11e2-83d1-b88d121aa620,上海上汽安吉汽车销售服务有限公司,上海大众,上海市宝山区蕴川路329号[,021-56499620,2013-03-02 22:43:12
8239b1de-8347-11e2-9bb1-b88d121aa620,上海交运隆嘉汽车销售服务有限公司,一汽马自达,上海市中山北路558号(西藏北路路口)[,021-66285888,2013-03-02 22:43:12
8239b5a6-8347-11e2-b5ee-b88d121aa620,上海锦江亿马汽车销售服务有限公司,一汽马自达,上海市徐汇区宋园路168号[,021-64695678,2013-03-02 22:43:12
8287b9cf-8347-11e2-8636-b88d121aa620,上海景和金沙汽车销售有限公司,一汽马自达,上海市普陀区祁连山南路588弄1号[,021-52693666,2013-03-02 22:43:13
8287c099-8347-11e2-baf7-b88d121aa620,上海泰士杰汽车销售有限公司,一汽马自达,上海市嘉定区安亭镇安驰路666号[,021-69502600,2013-03-02 22:43:13
8287c4dc-8347-11e2-8811-b88d121aa620,上海绿地东汽车销售有限公司,一汽马自达,上海市浦东新区上南路3300号[,021-50868666,2013-03-02 22:43:13
8287c8e3-8347-11e2-bae5-b88d121aa620,上海通远汽车销售服务有限公司,"一汽马自达,马自达",上海市徐汇区龙吴路420号[,021-54360666,2013-03-02 22:43:13
8287ccdc-8347-11e2-ac2e-b88d121aa620,上海大众汽车南汇销售服务有限公司,上海大众,上海市南汇区祝桥镇川南奉公路5218号[,021-58107107,2013-03-02 22:43:13
8287d0bd-8347-11e2-add2-b88d121aa620,上海宝荣汽车销售服务有限公司,上海大众,上海市宝山区双庆路478号[,021-56118223,2013-03-02 22:43:13
8287d4a3-8347-11e2-a678-b88d121aa620,上海君和汽车销售服务有限公司,比亚迪汽车,上海市普陀区金昌路2005号[,021-66275111,2013-03-02 22:43:13
8287d878-8347-11e2-a815-b88d121aa620,上海森宏汽车销售有限公司,标致,上海市闵行区吴中路1858号（紫藤路口近外环）[,021-34319916,2013-03-02 22:43:13
8287dc42-8347-11e2-a1b9-b88d121aa620,上海金琥汽车销售有限公司,长城汽车,上海市闵行区中春路6111号(黎安路和顾戴路之间)[,021-54886528,2013-03-02 22:43:13
8287e002-8347-11e2-8c9d-b88d121aa620,上海众国高级汽车维修配件有限公司,东风雪铁龙,上海市普陀区金沙江路2085号[,021-52701008,2013-03-02 22:43:13
83136af8-8347-11e2-95a2-b88d121aa620,上海万通汽车销售服务有限公司,东风雪铁龙,上海市场中路3535号[,021-66518887,2013-03-02 22:43:13
831371bd-8347-11e2-9cb0-b88d121aa620,上海通孚祥汽车销售服务有限公司,"沃尔沃,长安沃尔沃",上海市闵行区吴中路366号[,021-54771333,2013-03-02 22:43:13
83137607-8347-11e2-92b0-b88d121aa620,东风日产上海松江专营店,东风日产,上海市松江区沪松路518号[,021-67743375,2013-03-02 22:43:13
83137a2b-8347-11e2-9adf-b88d121aa620,东风日产上海宝钢专营店,东风日产,上海市宝山区宝杨路1919号[,021-56127227,2013-03-02 22:43:13
83137e28-8347-11e2-9e5c-b88d121aa620,上海二茆汽车销售服务有限公司,江淮汽车,上海上海普陀区金沙江路1146号[,021-62850074,2013-03-02 22:43:13
83138223-8347-11e2-a431-b88d121aa620,上海乐迪汽车销售服务有限公司,比亚迪汽车,上海市闵行区纪翟路1408号第一幢[,021-51756693,2013-03-02 22:43:13
8313860c-8347-11e2-b4b9-b88d121aa620,上海大众汽车徐汇销售服务有限公司,上海大众,上海市徐汇区古宜路182号[,021-64385485,2013-03-02 22:43:13
831389e8-8347-11e2-ae28-b88d121aa620,上海美狮汽车有限公司,林肯,上海市徐汇区吴中路39号(近内环线高架吴中路出口)[,4008189666-1065,2013-03-02 22:43:13
83138db3-8347-11e2-92c2-b88d121aa620,上海弘雅汽车销售服务有限公司,东风雪铁龙,上海市青浦区嘉松中路1398号[,021-69789333,2013-03-02 22:43:13
83139175-8347-11e2-8821-b88d121aa620,上海普陀宝信汽车销售服务有限公司展厅,"华晨宝马,宝马,宝马M",上海大渡河路588号[,021-52679799,2013-03-02 22:43:13
83676bfa-8347-11e2-8a2c-b88d121aa620,利星行汽车—上海通和贸易有限公司金桥分公司,"奔驰,北京奔驰,奔驰AMG,奔驰AMG",上海市浦东新区张杨路3501号101-103、106-111室[,4008189666-1088,2013-03-02 22:43:14
836772bd-8347-11e2-8e79-b88d121aa620,广汽本田汽车永达特约销售服务店,"广汽本田,广汽本田-理念",上海市闵行区漕宝路1200号[,021-64806967,2013-03-02 22:43:14
836776f5-8347-11e2-a697-b88d121aa620,玮兴汽车销售服务(上海)有限公司,"上海通用别克,别克",上海青浦区外青松公路5600号[,021-39285222,2013-03-02 22:43:14
83677b0c-8347-11e2-82ff-b88d121aa620,上海瑞锦汽车销售服务有限公司,"上海通用别克,别克",一二八纪念路28号[,021-66986666,2013-03-02 22:43:14
83677f1e-8347-11e2-81c4-b88d121aa620,上海永达汽车南汇销售服务有限公司,"上海通用别克,别克",上海市浦东新区惠南镇大川公路3113号[,021-68091888,2013-03-02 22:43:14
8367830f-8347-11e2-a158-b88d121aa620,上海名流汽车销售有限公司,"上海通用别克,别克",康定路1171号[,021-62303030,2013-03-02 22:43:14
836786ee-8347-11e2-b15a-b88d121aa620,上海绿地徐汇汽车销售有限公司,"上海通用别克,别克",上海市徐汇区船厂路183号[,021-64160777,2013-03-02 22:43:14
83678aca-8347-11e2-9da9-b88d121aa620,上海文洋长宁汽车销售服务有限公司,"上海通用别克,别克",上海市哈密路1231号[,021-62618800,2013-03-02 22:43:14
83678e94-8347-11e2-a30f-b88d121aa620,东风日产上海金丰专营店,东风日产,上海市奉贤区沪杭公路1088号[,021-37572188,2013-03-02 22:43:14
83679257-8347-11e2-8636-b88d121aa620,东风日产上海青浦永达专营店,东风日产,上海市青浦区北青公路9595号[,021-59786789,2013-03-02 22:43:14
83ac7087-8347-11e2-b53f-b88d121aa620,上海九源汽车销售服务有限公司,"上海通用别克,别克",上海市奉贤区南亭公路1269号[,021-37596111,2013-03-02 22:43:14
83ac7751-8347-11e2-a2b8-b88d121aa620,上海由由丰田汽车销售服务有限公司,一汽丰田,上海市浦东新区高科西路1956号[,021-50395900,2013-03-02 22:43:14
83ac7b97-8347-11e2-84f7-b88d121aa620,上海华庭汽车销售服务有限公司,吉利帝豪,上海市闵行区华翔路3660号[,4000210770,2013-03-02 22:43:14
83ac7fb0-8347-11e2-ab1c-b88d121aa620,上海晋熙实业有限公司,吉利帝豪,上海市浦东新区沪南公路4777弄258号[,021-68041618,2013-03-02 22:43:14
83ac83b5-8347-11e2-8b4f-b88d121aa620,上海安吉斯铭东安汽车销售服务有限公司,上海大众,上海市东安路239号2楼[,400-821-0821,2013-03-02 22:43:14
83ac87b3-8347-11e2-9062-b88d121aa620,广汽丰田交运瑞金店,广汽丰田,上海市徐汇区中山南二路399号[,021-64189333,2013-03-02 22:43:14
83ac8b99-8347-11e2-b7e7-b88d121aa620,上海华庭汽车销售服务有限公司(全球鹰),吉利全球鹰,上海市闵行区华翔路3660号[,4000210770,2013-03-02 22:43:14
83ac8f6e-8347-11e2-bd8c-b88d121aa620,上海鸿途汽车销售服务有限公司,华晨中华,上海市沪太路5399号[,400-6315550,2013-03-02 22:43:14
83ac9338-8347-11e2-a5e2-b88d121aa620,上海明友泓福汽车投资有限公司,华晨中华,上海市莲花南路1688号[,021-64976033,2013-03-02 22:43:14
83ac96ee-8347-11e2-ab7d-b88d121aa620,上海百联沪北汽车销售有限公司(分支机构),上海大众斯柯达,上海市黄浦区茂名南路１号[,021-51870079,2013-03-02 22:43:14
83ee9a1c-8347-11e2-bb59-b88d121aa620,上海汇胜汽车贸易有限公司祁连山三菱销售服务店,东南三菱,上海市祁连山南路2199号（曹安路口）[,4008189666-1012,2013-03-02 22:43:15
83eea0f0-8347-11e2-a88e-b88d121aa620,北京现代上海惠盈特约销售服务店,北京现代,上海市松江區茸樹路58號1幢底樓2室[,021-57786188,2013-03-02 22:43:15
83eea5b5-8347-11e2-9194-b88d121aa620,上海金现汽车销售服务有限公司,北京现代,上海市奉贤区沪杭公路1585号[,021-37568655,2013-03-02 22:43:15
83eea9e3-8347-11e2-909b-b88d121aa620,上海中起汽车贸易有限公司,"东风悦达起亚,起亚",上海市宝山区长江西路968号[,4008189666-1698,2013-03-02 22:43:15
83eeadf3-8347-11e2-93e7-b88d121aa620,上海南欣汽车销售服务有限公司,东风悦达起亚,上海市浦东新区惠南镇园中路65号[,021-68009898,2013-03-02 22:43:15
83eeb1dc-8347-11e2-94e9-b88d121aa620,上海明锐汽车销售服务有限公司,东风悦达起亚,上海市金山区金山大道4298弄38号[,021-67222189,2013-03-02 22:43:15
83eeb5ae-8347-11e2-bd0b-b88d121aa620,上海九华汽车服务有限公司,长安福特,上海市松江区松卫北路1189号[,021-67743555,2013-03-02 22:43:15
83eeb982-8347-11e2-b45e-b88d121aa620,上海九华汽车维修有限公司,"长安福特,福特",上海市闵行区颛兴东路985号[,021-34305200,2013-03-02 22:43:15
83eebd4c-8347-11e2-9ebb-b88d121aa620,上海协通福骋汽车销售服务有限公司,"长安福特,福特",上海市闸北区共和新路3200号毗邻大宁国际商圈，地铁1号线沿线、南北高架中环直达。[,13482788724,2013-03-02 22:43:15
83eec117-8347-11e2-acf2-b88d121aa620,上海鸿途汽车销售服务有限公司(瑞麒汽车),"瑞麒,威麟",上海市宝山区沪太路5399号一丙[,021-66020022,2013-03-02 22:43:15
843f5d9e-8347-11e2-bea1-b88d121aa620,上海煜磊汽车销售服务有限公司,"瑞麒,威麟",上海沪南路7866号[,021-58177000,2013-03-02 22:43:15
843f6461-8347-11e2-bc30-b88d121aa620,上海奥汇奥迪旗舰店,"一汽奥迪,奥迪",松江区沪松公路1610号[,4008189666-1059,2013-03-02 22:43:15
843f68ab-8347-11e2-88ab-b88d121aa620,上海联海沪西汽车销售有限公司,"奇瑞汽车,瑞麒",上海市闵行区吴中路1258号第2幢102至112室[,021-64052057,2013-03-02 22:43:15
843f6cc5-8347-11e2-bcd6-b88d121aa620,上海瑞众汽车销售服务有限公司,奇瑞汽车,上海浦东锦绣路2888号[,021-68935722,2013-03-02 22:43:15
843f70d7-8347-11e2-8b14-b88d121aa620,上海志伟汽车销售服务有限公司,奇瑞汽车,青浦区嘉松中路1396号（华腾路口）[,021-69789393,2013-03-02 22:43:15
843f7502-8347-11e2-8e9f-b88d121aa620,上海华星亚特汽车销售有限公司,MG,上海市真南路589号[,021-32050606,2013-03-02 22:43:15
843f78e3-8347-11e2-869e-b88d121aa620,上海永达豪捷汽车销售服务有限公司,一汽-大众,浦东新区御桥路1391号[,021-58516789,2013-03-02 22:43:15
843f7ce8-8347-11e2-b64a-b88d121aa620,上海逸隆新虹桥汽车销售服务有限公司,"雪佛兰,上海通用雪佛兰",上海市闵行区北青公路688号[,021-52273420,2013-03-02 22:43:15
843f80b0-8347-11e2-bf66-b88d121aa620,上海众国宝泓汽车销售服务有限公司,"华晨宝马,宝马,宝马M",上海市普陀区红柳路233号[,4008189666-1058,2013-03-02 22:43:15
843f84a3-8347-11e2-b431-b88d121aa620,上海永达通宁汽车服务有限公司,"上海通用雪佛兰,雪佛兰",浦东新区惠南镇大川公路3099号[,021-68091888,2013-03-02 22:43:15
84a2ce2e-8347-11e2-9349-b88d121aa620,上海众国同普汽车有限公司,"雪佛兰,上海通用雪佛兰",上海市同普路1236号[,021-52702288,2013-03-02 22:43:16
84a2d4f8-8347-11e2-a404-b88d121aa620,上海华裕汽车修理有限公司,比亚迪汽车,上海浦东金桥出口加工区金苏路238号[,021-50326200,2013-03-02 22:43:16
84a2d93d-8347-11e2-81a9-b88d121aa620,上海江浩汽车服务有限公司,江淮汽车,上海江杨南路980号[,021-66975377,2013-03-02 22:43:16
84a2dd7d-8347-11e2-a756-b88d121aa620,上海永达英菲尼迪汽车销售服务有限公司,英菲尼迪,上海市浦东新区龙东大道2755号[,4008189666-1013,2013-03-02 22:43:16
84a2e16e-8347-11e2-8dca-b88d121aa620,上海弘邦汽车销售服务有限公司(长安铃木),长安铃木,上海市浦东新区沪南路2472号[,021-50183286,2013-03-02 22:43:16
84a2e54f-8347-11e2-bdb9-b88d121aa620,上海联通汽车销售有限公司,长安乘用,上海市闵行区天山西路2668号[,021-62202390,2013-03-02 22:43:16
84a2e917-8347-11e2-b362-b88d121aa620,上海汇胜汽车贸易有限公司沪青平销售服务店,"东南汽车,东南三菱",上海市沪青平公路555号[,021-64785050,2013-03-02 22:43:16
84a2ece1-8347-11e2-bf66-b88d121aa620,上海汇胜汽车贸易有限公司仙霞路销售店,"东南汽车,东南三菱",上海市长宁区仙霞路957号[,021-62900945,2013-03-02 22:43:16
84a2f0ab-8347-11e2-bf9a-b88d121aa620,上海汇胜汽车贸易有限公司龙吴路销售店,东南汽车,上海市徐汇区龙吴路580号[,021-33673030,2013-03-02 22:43:16
84a2f46b-8347-11e2-8b87-b88d121aa620,上海联通汽车销售有限公司(比亚迪),比亚迪汽车,上海市长宁区天山西路2666号[,021-62395555,2013-03-02 22:43:16
850400f3-8347-11e2-a8e7-b88d121aa620,上海华帆旗申汽车销售有限公司,比亚迪汽车,上海浦东新区五洲大道518号[,021-58383066,2013-03-02 22:43:17
850407b5-8347-11e2-baa2-b88d121aa620,上海汇羿汽车销售服务有限公司,比亚迪汽车,上海市浦东新区宣黄公路2303号[,021-58187111,2013-03-02 22:43:17
85040bee-8347-11e2-bca8-b88d121aa620,上海富林汽车销售服务有限公司,比亚迪汽车,上海市普陀区祁连山路606号[,021-52841101,2013-03-02 22:43:17
85040ffd-8347-11e2-bf8e-b88d121aa620,上海锐豪汽车销售服务有限公司,比亚迪汽车,上海市沪南公路3021号[,021-51875851,2013-03-02 22:43:17
85041405-8347-11e2-a164-b88d121aa620,上海东昌金桥豪迪汽车服务有限公司,"一汽奥迪,奥迪",上海浦东新区锦绣东路2053号[,021-50320000,2013-03-02 22:43:17
850417e1-8347-11e2-82a8-b88d121aa620,上海浦东保时捷中心,保时捷,上海市浦东新区东方路1215-1217号,公司电话：,2013-03-02 22:43:17
85041bc7-8347-11e2-a21e-b88d121aa620,上海浦西保时捷中心,保时捷,黄浦区南京西路288号创兴金融中心首层[,021-23214911,2013-03-02 22:43:17
85041f9e-8347-11e2-b73d-b88d121aa620,阿斯顿马丁上海浦西,阿斯顿马丁,上海静安区南京西路760号[,021-63876007,2013-03-02 22:43:17
8504235e-8347-11e2-91a5-b88d121aa620,上海东联京沪汽车销售服务有限公司,"克莱斯勒,道奇,Jeep",上海市闸北区场中路1980号[,021-56918800,2013-03-02 22:43:17
85042714-8347-11e2-9442-b88d121aa620,玛莎拉蒂上海浦西展厅,玛莎拉蒂,上海市南京西路399号明天广场一楼[,021-63755009,2013-03-02 22:43:17
8559bd00-8347-11e2-b509-b88d121aa620,迈巴赫上海展示中心,迈巴赫,上海市闵行区沪青平公路989号底楼[,021-54499662,2013-03-02 22:43:17
8559c3c2-8347-11e2-931a-b88d121aa620,上海申晖丰田汽车销售服务有限公司,一汽丰田,上海市普陀区真南路818号[,021-62502727,2013-03-02 22:43:17
8559c802-8347-11e2-84bc-b88d121aa620,上海中隆汽车销售服务有限公司,起亚,上海市闵行区中春路7169号1、2、3幢[,021-54866988,2013-03-02 22:43:17
8559cc14-8347-11e2-8637-b88d121aa620,上海永达浦西英菲尼迪,英菲尼迪,上海市吴宝路799号[,021-64216789,2013-03-02 22:43:17
8559d005-8347-11e2-bc14-b88d121aa620,上海奔驰有限公司,"奔驰,北京奔驰",上海市长宁区延安西路1696号[,021-62823639,2013-03-02 22:43:17
8559d3ee-8347-11e2-8c5d-b88d121aa620,上海展示中心,GMC,上海市中山西路1507号[,021-32230077,2013-03-02 22:43:17
8559d7c2-8347-11e2-b3c0-b88d121aa620,东风本田汽车冠松特约销售服务店,"东风本田,东风本田-思铭",上海市浦东新区罗山路1589号[,021-50330108,2013-03-02 22:43:17
8559db8c-8347-11e2-acc2-b88d121aa620,上海现代汽车销售服务有限公司,现代,上海市普陀区真光路555号[,021-52692288,2013-03-02 22:43:17
8559df54-8347-11e2-a8b5-b88d121aa620,上海骏绅汽车销售有限公司,东风风行,上海松江区松卫北路567号（近荣乐东路）[,021-57750016,2013-03-02 22:43:17
8559e317-8347-11e2-aa36-b88d121aa620,大连中升之星汽车销售服务有限公司上海分公司,奔驰,上海市杨浦区淞沪路308号05-06室[,021-65886688,2013-03-02 22:43:17
859dbc30-8347-11e2-b3e6-b88d121aa620,上海源福汽车销售服务有限公司,东风风行,上海市闵行区联友路1187号[,021-64467718,2013-03-02 22:43:18
859dc2fd-8347-11e2-8cd1-b88d121aa620,上海天虹洲盈汽车销售有限公司,"奔腾,一汽欧朗",上海市浦东沪南公路4542号[,021-68041666,2013-03-02 22:43:18
859dc747-8347-11e2-9f3f-b88d121aa620,上海宝通赢汽车销售服务有限公司,东风悦达起亚,上海市宝山区月罗路1563号[,021-66860883,2013-03-02 22:43:18
859dcb63-8347-11e2-b4d9-b88d121aa620,上海德骏汽车有限公司,"奔驰,福建奔驰,奔驰AMG,奔驰AMG",上海市普陀区真北路3251号[,4008189666-1033,2013-03-02 22:43:18
859dcf73-8347-11e2-8137-b88d121aa620,上海众诺汽车销售服务有限公司,雷诺,上海市宝山区江杨南路980号[,021-36399598,2013-03-02 22:43:18
859dd378-8347-11e2-8a6c-b88d121aa620,广汽广玉店,广汽乘用车,上海市浦东新区沪南公路7989号[,021-58179988,2013-03-02 22:43:18
859dd75e-8347-11e2-a491-b88d121aa620,广汽广玉店车市店,广汽乘用车,上海市南汇区沪南公路4777号上海车市[,021-58179988,2013-03-02 22:43:18
859ddb40-8347-11e2-beaa-b88d121aa620,上海王巷汽车销售服务有限公司(莲花汽车),莲花汽车,上海市闵行区天山西路2758号[,021-52191075,2013-03-02 22:43:18
859ddf07-8347-11e2-80b1-b88d121aa620,上海宝尊汽车服务有限公司,"华晨宝马,宝马,宝马M",上海市东方路3656号[,021-55888992,2013-03-02 22:43:18
859de2d1-8347-11e2-a8cf-b88d121aa620,上海南空军械厂,"一汽奥迪,奥迪",上海市虹口区场中路445号[,021-65368069,2013-03-02 22:43:18
8603e899-8347-11e2-8efd-b88d121aa620,上海驰达汽车销售服务有限公司,宝骏汽车,上海市浦东新区康桥镇康安路818号[,021-69210185,2013-03-02 22:43:18
8603ef82-8347-11e2-93f9-b88d121aa620,上海宝诚汽车销售服务有限公司分公司展厅,"华晨宝马,宝马,宝马M",上海市浦东新区龙阳路2277号[,021-50101789,2013-03-02 22:43:18
8603f3eb-8347-11e2-bb15-b88d121aa620,上海协通崇明汽车销售服务有限公司,"上海通用别克,别克",上海市崇明县新河镇新申路921号[,021-59680111,2013-03-02 22:43:18
8603f823-8347-11e2-bee2-b88d121aa620,上海浦兴汽车销售服务有限公司外高桥店,"上海通用别克,别克",上海市浦东新区莱阳路3166号[,021-58678800,2013-03-02 22:43:18
8603fc47-8347-11e2-87b8-b88d121aa620,上海翟业汽车销售服务有限公司,"上海通用别克,别克",上海市闵行区北翟路1566号（虹桥交通枢纽地段）[,021-62208788,2013-03-02 22:43:18
86040045-8347-11e2-9885-b88d121aa620,上海协通鹏骋汽车销售服务有限公司塔城路店,"上海通用别克,别克",上海市嘉定区塔城路8号[,021-59990238,2013-03-02 22:43:18
8604042b-8347-11e2-b46d-b88d121aa620,上海协通鹏骋汽车销售服务有限公司安驰路店,"上海通用别克,别克",上海市嘉定区安驰路278号[,021-69503177,2013-03-02 22:43:18
86040828-8347-11e2-81e7-b88d121aa620,上海联诚汽车销售有限公司,"昌河汽车,昌河铃木",上海市浦东新区沪南路5191号-5号[,021-58147616,2013-03-02 22:43:18
86040c0f-8347-11e2-b469-b88d121aa620,上海闸捷汽车销售有限公司崇明分公司,"昌河汽车,昌河铃木",上海市崇明县堡镇南路202-228号[,021-59420242,2013-03-02 22:43:18
86040ff8-8347-11e2-b17f-b88d121aa620,上海闸捷汽车销售有限公司浦东分公司,"昌河汽车,昌河铃木",上海市浦东新区沪南公路9441号[,021-68122321,2013-03-02 22:43:18
8662e7ee-8347-11e2-a22b-b88d121aa620,上海长江川沙汽车销售服务有限公司,上海大众,上海市浦东新区川沙路6299号[,021-58593727,2013-03-02 22:43:19
8662ef8c-8347-11e2-b506-b88d121aa620,上海大众汽车安亭销售服务有限公司,上海大众,上海市嘉定区安亭镇曹安路5548号[,021-59577621,2013-03-02 22:43:19
8662f4a1-8347-11e2-943b-b88d121aa620,上海汽车贸易有限公司,上海大众,上海市曹安路58号[,021-52794571,2013-03-02 22:43:19
8662f8c2-8347-11e2-af14-b88d121aa620,上海大众汽车金山销售服务有限公司,上海大众,上海市金山区新农镇亭枫公路2468号[,021-57340818,2013-03-02 22:43:19
8662fcca-8347-11e2-960d-b88d121aa620,上海市北汽车销售服务有限公司,上海大众,上海汶水路92号[,021-56653570,2013-03-02 22:43:19
866300b3-8347-11e2-b795-b88d121aa620,上海港邦汽车销售服务有限公司,众泰汽车,上海市沪南公路4777弄288号（上海车市内）[,021-60976177,2013-03-02 22:43:19
8663048f-8347-11e2-850a-b88d121aa620,上海港邦汽车销售服务有限公司闵行分公司,众泰汽车,上海市闵行区中春路7000号[,021-55352136,2013-03-02 22:43:19
86630878-8347-11e2-89ba-b88d121aa620,上海港邦汽车销售服务有限公司崇明分公司,众泰汽车,上海市崇明区小港路96弄81号[,021-55352137,2013-03-02 22:43:19
86630c40-8347-11e2-bcdd-b88d121aa620,上海港邦汽车销售服务有限公司奉贤分公司,众泰汽车,上海市奉贤区拓林镇沪杭公路3270号[,021-55352138,2013-03-02 22:43:19
86631002-8347-11e2-8be4-b88d121aa620,上海港邦汽车销售服务有限公司松江分公司,众泰汽车,上海市松江区美能达路750号-800号[,021-55352139,2013-03-02 22:43:19
86e3c58a-8347-11e2-8a02-b88d121aa620,上海天驰汽车销售服务有限公司,"东风-郑州日产,郑州日产",上海市闵行区中春路6111号[,021-54881677,2013-03-02 22:43:20
86e3cc4c-8347-11e2-9e41-b88d121aa620,上海静慈汽车销售服务有限公司浦东销售服务店,东南汽车,浦东区沪南公路8912号[,021-58185900,2013-03-02 22:43:20
86e3d078-8347-11e2-b9c6-b88d121aa620,广汽丰田上海晨隆诸光路店,广汽丰田,上海市诸光路66号[,021-39811291,2013-03-02 22:43:20
86e3d480-8347-11e2-a5d5-b88d121aa620,上海九华汽车维修有限公司七莘路分公司,长安福特,上海市七莘路3448号[,021-54852500,2013-03-02 22:43:20
86e3d870-8347-11e2-945e-b88d121aa620,上海宏威汽车销售服务有限公司,华泰汽车,上海市闸北区江场西路900号（原568号）[,021-36358827,2013-03-02 22:43:20
86e3dc4f-8347-11e2-9058-b88d121aa620,上海富樽汽车销售服务有限公司,华泰汽车,上海市嘉定区曹安路2742号3区[,021-39529260,2013-03-02 22:43:20
86e3e042-8347-11e2-9044-b88d121aa620,上海雄威汽车销售有限公司,江铃汽车,吴中路2218号[,021-64598874,2013-03-02 22:43:20
86e3e417-8347-11e2-895f-b88d121aa620,上海西上海信杰汽车销售服务有限公司,"捷豹,路虎",上海市宝山区江杨南路1373-1号[,021-36586666,2013-03-02 22:43:20
86e3e7e1-8347-11e2-8213-b88d121aa620,上海赛邮汽车维修有限公司,开瑞,上海市青浦区工业园区汇金路1458号[,021-59702285,2013-03-02 22:43:20
86e3eb9e-8347-11e2-8a79-b88d121aa620,上海德瑞汽车销售有限公司,"开瑞,哈飞汽车",沪南公路3778号(沪南路建豪路路口向西)[,021-68189135,2013-03-02 22:43:20
87557445-8347-11e2-8a2f-b88d121aa620,利星行汽车—上海东华之星汽车维修服务有限公司,"奔驰,北京奔驰,奔驰AMG,奔驰AMG",上海市浦东新区世纪大道88号金茂大厦裙房一楼/宝山区江杨南路980号[,4008189666-1086,2013-03-02 22:43:21
87557bb0-8347-11e2-b361-b88d121aa620,利星行汽车—上海利之星汽车有限公司,"奔驰,北京奔驰,奔驰AMG,奔驰AMG",静安区长寿路943-951号(城市展厅)；闵行区漕宝路2108号(售后服务中心)[,4008189666-1084,2013-03-02 22:43:21
87558007-8347-11e2-ac8d-b88d121aa620,上海和凌LEXUS雷克萨斯城市展厅,雷克萨斯,上海市卢湾区西藏南路222号[,021-33310393,2013-03-02 22:43:21
8755842b-8347-11e2-855b-b88d121aa620,上海东昌LEXUS雷克萨斯城市展厅,雷克萨斯,上海市浦东新区张杨路3583号[,021-68866060,2013-03-02 22:43:21
87558826-8347-11e2-b463-b88d121aa620,上海联海汽车销售有限公司,"长安铃木,铃木",上海市闵行区吴中路1258号[,021-64656688,2013-03-02 22:43:21
87558c11-8347-11e2-aac6-b88d121aa620,上海联通新虹汽车销售有限公司,长安铃木,上海市天山西路2168号[,021-52236999,2013-03-02 22:43:21
87558ff8-8347-11e2-a34b-b88d121aa620,上海宏猛汽车销售有限公司,陆风汽车,上海市青浦区城中南路229-235号[,021-69711178,2013-03-02 22:43:21
875593cc-8347-11e2-b9b9-b88d121aa620,上海晶奉汽车销售有限公司,陆风汽车,上海市奉贤区南桥沪杭公路1800号[,021-57425555,2013-03-02 22:43:21
87559797-8347-11e2-8707-b88d121aa620,上海绿地杨浦汽车销售服务有限公司,"一汽马自达,马自达",上海市杨浦区周家嘴路3388号[,021-51807898,2013-03-02 22:43:21
87559b61-8347-11e2-b3de-b88d121aa620,上海祥瑞汽车销售服务有限公司,"MG,上汽荣威",上海浦东新区浦东北路4086号[,021-50177188,2013-03-02 22:43:21
87d7eeb0-8347-11e2-adce-b88d121aa620,上海佰勤名威汽车销售服务有限公司,MG,上海市金山区石化卫二路403号[,021-57956600,2013-03-02 22:43:21
87d7f575-8347-11e2-8c2a-b88d121aa620,上海德远汽车销售服务有限公司,MG,上海市松江区茸梅路1128号1号楼[,021-67707888,2013-03-02 22:43:21
87d7f9ae-8347-11e2-854c-b88d121aa620,纳智捷上海裕民汽车生活馆,纳智捷,上海市普陀区真陈路38号[,021-36520088,2013-03-02 22:43:21
87d7fdbd-8347-11e2-96a7-b88d121aa620,上海弘阁汽车销售服务有限公司,奇瑞汽车,上海市虹口区凉城路1420号[,021-65930666,2013-03-02 22:43:21
87d801b8-8347-11e2-b026-b88d121aa620,上海车恒汽车销售有限公司,"瑞麒,威麟",上海市沪松公路659号[,021-54865368,2013-03-02 22:43:21
87d8059e-8347-11e2-9acc-b88d121aa620,上海鸿达汽车销售有限公司,瑞麒,上海市真南路589号[,400-8851533,2013-03-02 22:43:21
87d80991-8347-11e2-94ca-b88d121aa620,上海卿裕汽车销售服务有限公司,东风悦达起亚,上海市嘉定区翔江公路1699号[,021-31272200,2013-03-02 22:43:21
87d80d66-8347-11e2-ae74-b88d121aa620,上海风神汽车销售有限公司,东风风行,上海市闵行区中春路6785号[,021-54888803,2013-03-02 22:43:21
87d81145-8347-11e2-b203-b88d121aa620,上海华申汽车销售公司,南京依维柯,上海市场中路605号[,021-65440464,2013-03-02 22:43:21
87d8150f-8347-11e2-ae57-b88d121aa620,上海鑫桥汽车维修有限公司,南京依维柯,上海市浦东川桥路218号[,021-58991018,2013-03-02 22:43:21
88499a30-8347-11e2-b8ed-b88d121aa620,上海云峰汽车销售服务有限公司,南京依维柯,上海市闵行区七莘路3795号[,4000-586658,2013-03-02 22:43:22
8849a12e-8347-11e2-ae68-b88d121aa620,上海华晔汽车有限公司,南京依维柯,宝山区长江南路80号[,4001103390,2013-03-02 22:43:22
8849a578-8347-11e2-841e-b88d121aa620,上海东昌英菲尼迪,英菲尼迪,上海市宝山区长江西路600号[,021-31190011,2013-03-02 22:43:22
8849a994-8347-11e2-8f31-b88d121aa620,上海森台汽车贸易有限公司,华晨中华,上海青浦区赵巷镇镇中路531号[,021-59752422,2013-03-02 22:43:22
8849ad91-8347-11e2-b8df-b88d121aa620,上海驰达汽车销售服务有限公司青浦分公司,宝骏汽车,上海市青浦区外青松公路5478号[,021-68193669,2013-03-02 22:43:22
8849b16e-8347-11e2-96c6-b88d121aa620,上海凡德吴中路展厅,MINI,上海市徐汇区吴中路52号宝鼎广场一层[,021-64268989,2013-03-02 22:43:22
8849b54c-8347-11e2-99d5-b88d121aa620,上海恒昌销售服务店(海南海马),海马汽车,海市闵行区吴中路588号[,021-54777317,2013-03-02 22:43:22
8849b917-8347-11e2-a165-b88d121aa620,上海交运明友汽车销售服务有限公司,华晨中华,上海市龙吴路926号[,021-64438613-115,2013-03-02 22:43:22
8849bcd7-8347-11e2-ae6b-b88d121aa620,上海启茂实业公司,华晨中华,上海市普陀区真南路2133号[,400-8885696,2013-03-02 22:43:22
8849c094-8347-11e2-be6d-b88d121aa620,上海盛新汽车销售服务有限公司,上海大众斯柯达,青浦区外青松公路4670号[,021-59705333,2013-03-02 22:43:22
88c319ab-8347-11e2-a6c8-b88d121aa620,上海云峰徐汇汽车销售服务有限公司,东风风神,徐汇区虹梅路198号（近江安路）[,021-54199798,2013-03-02 22:43:23
88c32075-8347-11e2-a6d0-b88d121aa620,广汽本田汽车东昌特约销售服务店,"广汽本田,广汽本田-理念",上海市江杨南路928号[,021-66822828,2013-03-02 22:43:23
88c324cc-8347-11e2-9cc9-b88d121aa620,上海华星物资(集团)有限公司,南京依维柯,上海真南路2152号(华星汽车广场内）[,4006-990330,2013-03-02 22:43:23
88c328e6-8347-11e2-8ea4-b88d121aa620,上海弘怡汽车销售服务有限公司,北京现代,上海市闵行区华翔路19号[,021-52965560,2013-03-02 22:43:23
88c32ce1-8347-11e2-b4e2-b88d121aa620,上海宝银汽车销售有限公司,北京现代,上海市宝山区月罗路1563号-1[,021-36581188,2013-03-02 22:43:23
88c330d4-8347-11e2-ba69-b88d121aa620,上海联诚汽车销售有限公司(北京现代),北京现代,上海市浦东新区沪南路5191号-5[,021-58141000,2013-03-02 22:43:23
88c334a8-8347-11e2-a03f-b88d121aa620,上海轿辰汽车销售服务有限公司,北京现代,上海市金山区金山卫镇金山大道4298弄29号[,021-67223333,2013-03-02 22:43:23
88c3387d-8347-11e2-b2e9-b88d121aa620,上海冠隆汽车销售服务有限公司,东风标致,上海市松江区松卫北路1189号第2幢[,021-37006699,2013-03-02 22:43:23
88c33c47-8347-11e2-97da-b88d121aa620,上海恒昌银都汽车销售有限公司,长安马自达,闵行区银都路2568号(近莲花南路银都路）[,021-34512822,2013-03-02 22:43:23
88c34011-8347-11e2-a2c5-b88d121aa620,上海景和真南汽车销售有限公司,长安马自达,上海市普陀区真南路2121号[,021-62849933,2013-03-02 22:43:23
8928a778-8347-11e2-8f12-b88d121aa620,上海弘翔汽车销售服务有限公司,长安马自达,上海市奉贤区南桥镇环城北路988号[,021-60937999,2013-03-02 22:43:24
8928ae33-8347-11e2-b7ed-b88d121aa620,上海弘绅汽车销售服务有限公司,长安马自达,上海市浦东新区沪南公路3738号（近周祝公路）[,021-20908980,2013-03-02 22:43:24
8928b273-8347-11e2-9344-b88d121aa620,上海森宏汽车销售有限公司城市展厅,标致,上海市长宁区新华路24号(近淮海西路)[,021-62808717,2013-03-02 22:43:24
8928b68c-8347-11e2-86ee-b88d121aa620,上海天华汽车销售有限公司,"捷豹,路虎",上海市闵行区吴中路1750号（近S20,公司电话：,2013-03-02 22:43:24
8928ba91-8347-11e2-b2c1-b88d121aa620,上海浩冉汽车销售有限公司,陆风汽车,上海市金山区亭卫公路9779号[,021-57232816,2013-03-02 22:43:24
8928be8f-8347-11e2-979e-b88d121aa620,上海浩歌汽车销售有限公司,陆风汽车,上海市青浦区外青松公路5600号A座[,021-69219999,2013-03-02 22:43:24
8928c26e-8347-11e2-bd1f-b88d121aa620,江铃汽车东虹销售服务部,陆风汽车,上海浦东新区金高路200号[,021-58654800,2013-03-02 22:43:24
8928c642-8347-11e2-8e60-b88d121aa620,上海弘迅汽车销售服务有限公司(奇瑞汽车),奇瑞汽车,上海市普陀区真北路3319号[,021-52709876,2013-03-02 22:43:24
8928ca02-8347-11e2-8cee-b88d121aa620,纳智捷上海通越汽车生活馆,纳智捷,上海市浦东新区庭安路501号（张杨北路口）[,400-820-6828,2013-03-02 22:43:24
8928cdcc-8347-11e2-9838-b88d121aa620,上海德星汽车销售有限公司,"奔驰,北京奔驰",上海市黄浦区南京西路338号101室[,021-53750088,2013-03-02 22:43:24
89d99287-8347-11e2-b798-b88d121aa620,上海浦东机械设备成套有限公司,"东风-郑州日产,郑州日产",上海市浦星公路180号[,021-33928957,2013-03-02 22:43:25
89d9995c-8347-11e2-85be-b88d121aa620,上海龙祥汽车销售服务有限公司,东风雪铁龙,上海市宝山区江杨南路1708号[,021-66182556,2013-03-02 22:43:25
89d99dab-8347-11e2-ad66-b88d121aa620,上海先进汽车销售服务有限公司(东风雪铁龙),东风雪铁龙,上海市闵行区华翔路55号[,021-62361999,2013-03-02 22:43:25
89d9a1cc-8347-11e2-bcc1-b88d121aa620,上海逸隆汽车销售服务有限公司,"雪佛兰,上海通用雪佛兰",上海市宝山区高逸路99号[,021-55037676,2013-03-02 22:43:25
89d9a5d1-8347-11e2-8540-b88d121aa620,上海华庭汽车销售服务有限公司(英伦汽车),吉利英伦,上海市闵行区华翔路3660号[,021-34051373,2013-03-02 22:43:25
89d9a9c5-8347-11e2-a8ed-b88d121aa620,上海晋熙汽车销售服务有限公司,吉利英伦,上海市浦东新区沪南公路4789弄298号[,021-68041676,2013-03-02 22:43:25
89d9ada3-8347-11e2-a7e5-b88d121aa620,上海五菱汽车销售有限公司,上汽通用五菱,上海市浦东新区康桥镇康安路818号[,021-58123508,2013-03-02 22:43:25
89d9b180-8347-11e2-92d5-b88d121aa620,上海驰达汽车销售服务有限公司崇明分公司,上汽通用五菱,上海市崇明县新河镇唐家湾路385号[,021-59687505,2013-03-02 22:43:25
89d9b557-8347-11e2-9822-b88d121aa620,上海驰达汽车销售服务有限公司奉贤分公司,上汽通用五菱,上海市奉贤区南桥镇八字桥路579号[,021-67106773,2013-03-02 22:43:25
89d9b91e-8347-11e2-9d05-b88d121aa620,上海驰达汽车销售服务有限公司宝山分公司,上汽通用五菱,上海市宝山区罗店镇月罗公路2579号[,021-56869139,2013-03-02 22:43:25
8a399f8f-8347-11e2-948f-b88d121aa620,上海驰达汽车销售服务有限公司金山分公司,上汽通用五菱,上海市金山区亭林镇亭枫公路2115号[,021-57381557,2013-03-02 22:43:25
8a39a682-8347-11e2-bf95-b88d121aa620,上海德和汽车销售服务有限公司,上汽通用五菱,上海市闵行区颛桥镇北松公路678号[,021-64909056,2013-03-02 22:43:25
8a39aab8-8347-11e2-a7cb-b88d121aa620,上海秋香汽车服务有限公司,上汽通用五菱,上海市南汇区惠南镇沪南公路9345号[,021-68014617,2013-03-02 22:43:25
8a39aec7-8347-11e2-9178-b88d121aa620,上海驰达汽车销售服务有限公司嘉定分公司,上汽通用五菱,上海市嘉定区南翔镇翔江公路518号[,021-69171950,2013-03-02 22:43:25
8a39b2cf-8347-11e2-812d-b88d121aa620,上海驰达汽车销售服务有限公司松江分公司,上汽通用五菱,上海市松江区新桥镇莘松路1176号[,021-57688950,2013-03-02 22:43:25
8a39b6b8-8347-11e2-aa5f-b88d121aa620,上海大铭汽车销售有限公司,上汽通用五菱,上海市青浦区外青松公路5478号[,021-69211857,2013-03-02 22:43:25
8a39ba9e-8347-11e2-a014-b88d121aa620,上海天泽汽车销售有限公司,"天津一汽,夏利",上海市周家嘴路2865号[,021-65206764,2013-03-02 22:43:25
8a39be68-8347-11e2-a5ae-b88d121aa620,上海宝钢住商汽车贸易有限公司,一汽吉林,上海市宝山区宝杨路1943号[,021-56112456,2013-03-02 22:43:25
8a39c233-8347-11e2-b908-b88d121aa620,上海京磐汽车销售有限公司(一汽吉林),一汽吉林,上海市闵行区中春路988号栋(近北松公路)[,021-52271180,2013-03-02 22:43:25
8a39c5eb-8347-11e2-8d33-b88d121aa620,上海格林威中环汽车销售服务有限公司,长安福特,上海市杨浦区军工路1488号[,021-55787770,2013-03-02 22:43:25
8a928a40-8347-11e2-99db-b88d121aa620,上海昊欣实业有限公司,"昌河铃木,昌河汽车",上海市浦东泥城镇南卢公路1855号[,021-58072089,2013-03-02 22:43:26
8a92910a-8347-11e2-8d0b-b88d121aa620,上海银佳汽车销售服务有限公司,福建奔驰,上海市浦东新区御桥路1388号[,021-31357888,2013-03-02 22:43:26
8a92954c-8347-11e2-8510-b88d121aa620,上海德骏汽车有限公司(福建奔驰),福建奔驰,上海市静安区北京西路27号[,021-62509188,2013-03-02 22:43:26
8a929968-8347-11e2-8711-b88d121aa620,劳斯莱斯汽车(上海),劳斯莱斯,上海市卢湾区湖滨路202号企业天地大厦1楼6-7号商铺[,021-63860288,2013-03-02 22:43:26
8a929d63-8347-11e2-bcf5-b88d121aa620,上海绿地汽车服务有限公司,"上海通用凯迪拉克,凯迪拉克",上海市松江区沪松公路1197号[,021-57635222,2013-03-02 22:43:26
8a92a154-8347-11e2-96ea-b88d121aa620,兰博基尼上海,兰博基尼,上海市长宁区延安西路327号尚熙大夏1楼[,021-62489966,2013-03-02 22:43:26
8a92a53d-8347-11e2-99b1-b88d121aa620,意特汽车商业(上海)有限公司(进口法拉利),法拉利,上海市漕宝路1008-1010号[,021-51083344,2013-03-02 22:43:26
8a92a911-8347-11e2-a18a-b88d121aa620,意特汽车商业(上海)有限公司,法拉利,上海市南京西路399号明天广场一楼[,021-63755009,2013-03-02 22:43:26
8a92acdc-8347-11e2-bd0c-b88d121aa620,上海交运起腾汽车销售服务有限公司,"一汽奥迪,奥迪",上海市徐汇区中山南二路557号（枫林路向南50米）[,021-64419999,2013-03-02 22:43:26
8a92b0a6-8347-11e2-b390-b88d121aa620,上海永达汽车浦东销售服务有限公司陆家嘴分公司展厅,"一汽奥迪,奥迪",上海市浦东新区世纪大道800号（浦东南路口）[,021-50262122,2013-03-02 22:43:26
8af228cc-8347-11e2-99ac-b88d121aa620,上海宝德汽车有限公司浦西展厅,"华晨宝马,宝马,宝马M",上海市淮海中路2号兰生大厦[,021-63190128,2013-03-02 22:43:27
8af22f99-8347-11e2-b7a6-b88d121aa620,上海尊宝行汽车销售有限公司展厅,"华晨宝马,宝马,宝马M",上海市杨浦区四平路1779号[,021-55888229,2013-03-02 22:43:27
8af233f0-8347-11e2-bd3c-b88d121aa620,上海天程汽车销售服务有限公司,比亚迪汽车,上海市金山区金山卫镇金山大道4298弄30-37号[,021-67221313,2013-03-02 22:43:27
8af23814-8347-11e2-ac96-b88d121aa620,上海众深汽车销售服务有限公司,比亚迪汽车,上海青浦区重固镇北青公路8865号厂区内[,021-59701969,2013-03-02 22:43:27
8af23c23-8347-11e2-8fc5-b88d121aa620,上海毅欣汽车销售有限公司,比亚迪汽车,上海松江新桥新效路128号[,021-67689191,2013-03-02 22:43:27
8af24014-8347-11e2-92e8-b88d121aa620,上海鼎丰汽车销售服务有限公司,比亚迪汽车,松江区美能达路577号[,021-37773111,2013-03-02 22:43:27
8af24400-8347-11e2-880f-b88d121aa620,上海铃木机动车销售有限公司,铃木,上海市嘉定区安亭镇米泉南路26号1层[,021-69503130-801,2013-03-02 22:43:27
8af247d1-8347-11e2-9de1-b88d121aa620,上海铃德汽车销售服务有限公司(进口铃木),铃木,上海市逸仙路1700号[,021-66186128,2013-03-02 22:43:27
8af24b9c-8347-11e2-9f15-b88d121aa620,上海世贸汽车贸易有限公司浦西展厅,"沃尔沃,长安沃尔沃",上海市北京西路1465号国立大厦首层（近常德路口）[,021-52122333,2013-03-02 22:43:27
8af24f5c-8347-11e2-9385-b88d121aa620,上海众诺汽车销售有限公司城市展厅,雷诺,上海市徐汇区漕溪路190号[,021-64688704,2013-03-02 22:43:27
8b47a8bd-8347-11e2-9e56-b88d121aa620,上海世贸汽车贸易有限公司展厅,"路虎,捷豹",上海市人民路600号（近河南路口）[,021-63375333,2013-03-02 22:43:27
8b47af73-8347-11e2-8c67-b88d121aa620,上海鹏宇汽车销售服务有限公司(雪铁龙),雪铁龙,上海市闵行区中春路6111号[,021-54770703,2013-03-02 22:43:27
8b47b3ab-8347-11e2-8447-b88d121aa620,上海东仪汽车贸易有限公司,东风风行,上海市闸北区汶水路50号[,021-56039968,2013-03-02 22:43:27
8b47b7c7-8347-11e2-b1ca-b88d121aa620,上海静众汽车销售服务有限公司,上海大众,上海市静安区康定路1155号[,021-62302150,2013-03-02 22:43:27
8b47bbd7-8347-11e2-8902-b88d121aa620,上海浦东机械设备成套公司,日产,上海市浦星公路180号[,021-33928957,2013-03-02 22:43:27
8b47bfc7-8347-11e2-99f1-b88d121aa620,上海嘉顺汽车销售有限公司第一分公司,三菱,上海市龙吴路580号[,021-33673030,2013-03-02 22:43:27
8b47c3b0-8347-11e2-a9fe-b88d121aa620,上海汇胜汽车贸易有限公司,三菱,上海市沪青平公路555号[,021-64785050,2013-03-02 22:43:27
8b47c78c-8347-11e2-a4b2-b88d121aa620,上海欧狮汽车销售服务有限公司,福田汽车,浦东新区周浦镇沪南路4388号康沈路口[,021-58113831,2013-03-02 22:43:27
8b47cb61-8347-11e2-8111-b88d121aa620,上海恒驰汽车销售有限公司,长安乘用,上海市浦东新区惠南镇沪南公路9837号[,021-33892217,2013-03-02 22:43:27
8b47cf21-8347-11e2-aa83-b88d121aa620,上海绿地北诚汽车销售服务有限公司,DS,上海市闸北区康宁路968号[,021-56510771,2013-03-02 22:43:27
8b8b5905-8347-11e2-b355-b88d121aa620,阿斯顿马丁上海浦东,阿斯顿马丁,上海浦东新区杨源路266号[,021-60756007,2013-03-02 22:43:28
8b8b5fba-8347-11e2-b946-b88d121aa620,玛莎拉蒂上海浦东展厅,玛莎拉蒂,上海市浦东新区世纪大道210号二十一世纪中心大厦1-2层[,021-60971288,2013-03-02 22:43:28
8b8b6407-8347-11e2-8382-b88d121aa620,玛莎拉蒂上海维修站,玛莎拉蒂,上海市漕宝路1008号[,021-51083344,2013-03-02 22:43:28
8b8b6821-8347-11e2-a779-b88d121aa620,世爵上海城市展厅,世爵,上海市卢湾区湖滨路202号企业天地一层102号企业天地一层102号[,021-53866008,2013-03-02 22:43:28
8b8b6c30-8347-11e2-b0ee-b88d121aa620,上海华星众捷汽车销售有限公司(北京汽车制造厂),北京汽车制造厂,上海市真南路589号[,021-52845148,2013-03-02 22:43:28
8b8b7023-8347-11e2-b181-b88d121aa620,启辰上海炜业隆达专营店,东风日产-启辰,上海市浦东新区御桥路1133号[,021-58387066,2013-03-02 22:43:28
8b8b7402-8347-11e2-8e60-b88d121aa620,启辰松江专营店,东风日产-启辰,上海市松江区沪松路508号[,021-67842900,2013-03-02 22:43:28
8b8b77d4-8347-11e2-843a-b88d121aa620,上海安吉斯巴鲁汽车销售服务有限公司武宁路展厅,斯巴鲁,上海市武宁南路395-397号[,021-52698999,2013-03-02 22:43:28
8b8b7b9e-8347-11e2-8ba0-b88d121aa620,上海上勤汽车维修有限公司,上汽荣威,上海市万荣一路120号[,021-51819568,2013-03-02 22:43:28
8b8b7f6b-8347-11e2-9117-b88d121aa620,广汽本田汽车广汽锦仓特约销售服务店,广汽本田-理念,上海浦东新区高科西路1888号[,021-58394242,2013-03-02 22:43:28
8bfb28c5-8347-11e2-b252-b88d121aa620,纳智捷世裕汽车生活馆云岭东路分馆,纳智捷,上海市普陀区云岭东路651号东渡国际大厦1F[,021-52650919,2013-03-02 22:43:28
8bfb2f99-8347-11e2-8223-b88d121aa620,上海宾悦汽车销售服务有限公司,江淮汽车,上海市浦东新区沪南路3097号[,021-68061777,2013-03-02 22:43:28
8bfb33dc-8347-11e2-89f7-b88d121aa620,上海锦仑汽车贸易有限公司,江淮汽车,上海市徐汇区龙吴路315号[,021-54352888,2013-03-02 22:43:28
8bfb380a-8347-11e2-814d-b88d121aa620,上海沪仑安凯汽车销售服务有限公司,江淮汽车,上海市万荣路1558号（场中汽配城内）[,021-66526999,2013-03-02 22:43:28
8bfb3c11-8347-11e2-97c7-b88d121aa620,上海世贸汽车贸易有限公司浦东展厅,"沃尔沃,长安沃尔沃",上海市浦东新区张杨路3141[,021-68506333,2013-03-02 22:43:28
8bfb400a-8347-11e2-883a-b88d121aa620,上海二茆汽车销售服务有限公司(江淮汽车),江淮汽车,上海市普陀区金沙江路1146号[,021-62644003,2013-03-02 22:43:28
8bfb43eb-8347-11e2-849e-b88d121aa620,上海万佳汽车销售有限公司,江淮汽车,上海市宝山区水产路1449号[,021-36380728,2013-03-02 22:43:28
8bfb47bd-8347-11e2-bfea-b88d121aa620,上海翔宇汽车销售服务有限公司,东风雪铁龙,上海市金山区亭林亭卫公路9779号[,021-67231198,2013-03-02 22:43:28
8bfb4bae-8347-11e2-8dff-b88d121aa620,上海格林威汽车销售有限公司青浦分公司,长安福特,上海市青浦区沪青平公路5630号[,021-69238127,2013-03-02 22:43:28
8bfb4f78-8347-11e2-a7f8-b88d121aa620,Acura上海五角场店展厅,讴歌,上海市卢湾区马当路228号华府天地1-6号商铺[,021-63862233,2013-03-02 22:43:28
8ca7f482-8347-11e2-b5c8-b88d121aa620,上海瑞祥汽车销售服务有限公司宝山销售服务店,东南汽车,上海市宝山区江杨南路960号[,021-66182526,2013-03-02 22:43:30
8ca7fb80-8347-11e2-ae89-b88d121aa620,上海逸先汽车销售服务有限公司,上海大众,上海市宝山区高逸路67号[,021-55040121,2013-03-02 22:43:30
8ca7ffb8-8347-11e2-8d9a-b88d121aa620,上海云峰松江汽车销售服务有限公司,上海大众,上海市松江区茸兴路128号[,021-57782525,2013-03-02 22:43:30
8ca803c7-8347-11e2-8a0e-b88d121aa620,上海云峰众旭汽车销售服务有限公司,上海大众,上海市金山区亭卫公路2258号[,021-67292299,2013-03-02 22:43:30
8ca80828-8347-11e2-a130-b88d121aa620,上海大众汽车虹口特约维修站有限公司,上海大众,上海市虹口区周家嘴路414号[,021-65357782,2013-03-02 22:43:30
8ca80c05-8347-11e2-a888-b88d121aa620,上海大众汽车华龙特约维修站有限公司,上海大众,上海市徐汇区龙吴路410弄8号[,021-54355015,2013-03-02 22:43:30
8ca80fee-8347-11e2-9744-b88d121aa620,上海广之缘广玉汽车销售服务有限公司,"广汽菲亚特,菲亚特",上海市浦东新区沪南公路7989号[,020-58171999,2013-03-02 22:43:30
8ca813c2-8347-11e2-9f9c-b88d121aa620,上海利星汽车维修有限公司延安西路分公司,"smart,奔驰,北京奔驰",上海市延安西路1339号利星国际广场101室/501室[,021-61020888,2013-03-02 22:43:30
8ca8178c-8347-11e2-a230-b88d121aa620,上海东驰汽车有限公司世纪大道分公司,奔驰,上海市浦东新区杨高南路428号3号楼底层[,021-50722598,2013-03-02 22:43:30
8ca81b42-8347-11e2-b41e-b88d121aa620,上海通和贸易有限公司南京分公司,北京奔驰,江苏省南京市玄武区红山路192号[,025-85509888,2013-03-02 22:43:30
8cf0df26-8347-11e2-ab5e-b88d121aa620,上海星瀚汽车维修服务有限公司金沙江路分公司,"奔驰,北京奔驰",上海市普陀区金沙江路2098弄2-6号[,021-52700666,2013-03-02 22:43:30
8cf0e5fd-8347-11e2-984c-b88d121aa620,上海元证爱思开汽车服务有限公司,"天津一汽,夏利",上海浦东新区羽山路955号[,400-880-8590,2013-03-02 22:43:30
8cf0ea47-8347-11e2-a3ac-b88d121aa620,上海银佳汽车销售服务有限公司浦西分公司,福建奔驰,上海市延安西路1319号利星国际广场101室[,021-31357928,2013-03-02 22:43:30
8cf0eec5-8347-11e2-af5a-b88d121aa620,上海天虹汽车维修有限公司,红旗,上海市浦东新区沪南公路4542号[,021-68041666,2013-03-02 22:43:30
8cf0f2ca-8347-11e2-b59a-b88d121aa620,路特斯上海,路特斯,上海市浦东新区杨源路266号[,021-60513388,2013-03-02 22:43:30
8cf0f6b5-8347-11e2-83ed-b88d121aa620,上海瀚龙依诺汽车销售有限公司,雷诺,上海市闵行区吴中路588号[,0537-2171166,2013-03-02 22:43:30
8cf0fa91-8347-11e2-b942-b88d121aa620,意特汽车商业(上海)有限公司(法拉利),法拉利,上海市浦东新区世纪大道210号1-2层[,021-60971118,2013-03-02 22:43:30
8cf0fe70-8347-11e2-8888-b88d121aa620,上海西上海盛达汽车销售服务有限公司,上海大众斯柯达,上海市宝山区潘泾路399号[,021-36517800,2013-03-02 22:43:30
8cf1023a-8347-11e2-ae7d-b88d121aa620,上海联通新悦汽车销售有限公司,东风悦达起亚,上海市闵行区天山西路2668号（七莘路交叉口）[,021-51602711,2013-03-02 22:43:30
8cf1060c-8347-11e2-84b1-b88d121aa620,上海庞大龙翔汽车销售有限公司,双龙,上海市普陀区柳园路85号[,021-66278555,2013-03-02 22:43:30
8d2e2335-8347-11e2-a507-b88d121aa620,上海隆成汽车销售服务有限公司,卡尔森,上海市闵行区吴中路521号[,400-011-6316,2013-03-02 22:43:30
8d2e2a35-8347-11e2-a699-b88d121aa620,上海安吉通商汽车销售服务有限公司,上汽商用车,上海市中山北路1759号[,400-055-0810,2013-03-02 22:43:30
8d2e2e75-8347-11e2-8caa-b88d121aa620,上海申晟汽车销售服务有限公司,上汽商用车,上海市宝山区丰翔路1358号[,021-36161630,2013-03-02 22:43:30
8d2e329c-8347-11e2-b70d-b88d121aa620,上海怡通汽车销售服务有限公司,上汽商用车,上海市浦东新区坦瓦公路1285号1幢[,021-68189081,2013-03-02 22:43:30
8d2e36a1-8347-11e2-9470-b88d121aa620,上海云峰汽车销售服务有限公司(上汽大通),上汽商用车,闵行区七莘路3795号[,021-34681788,2013-03-02 22:43:30
8d2e3a91-8347-11e2-b624-b88d121aa620,上海三益汽车销售有限公司,东风汽车,上海市浦东新区沪南路4789号上海车市220-223号[,021-60975097,2013-03-02 22:43:30
8d2e3e85-8347-11e2-859b-b88d121aa620,广汽三菱中进名奇店,广汽三菱,上海市嘉定区安亭镇博园路7588号[,021-64050032,2013-03-02 22:43:30
8d9e7487-8347-11e2-8bb7-b88d121aa620,上海众悦汽车销售有限公司(vip),"上海大众,一汽-大众,上海通用别克,",闵行区吴中路1866号（靠近紫藤路）[,4008213963,2013-03-02 22:43:31
8d9e7b40-8347-11e2-8353-b88d121aa620,上海东萌汽车销售有限公司(vip),"上海大众,一汽-大众,上海通用别克,",上海市闵行区七莘路沪星路318号（近虹桥机场）[,4006015221,2013-03-02 22:43:31
